-- phpMyAdmin SQL Dump
-- version 4.9.11
-- https://www.phpmyadmin.net/
--
-- Host: database-5003164416.webspace-host.com
-- Generation Time: Jul 31, 2024 at 04:05 PM
-- Server version: 5.7.42-log
-- PHP Version: 7.4.33

SET SQL_MODE = "NO_AUTO_VALUE_ON_ZERO";
SET AUTOCOMMIT = 0;
START TRANSACTION;
SET time_zone = "+00:00";


/*!40101 SET @OLD_CHARACTER_SET_CLIENT=@@CHARACTER_SET_CLIENT */;
/*!40101 SET @OLD_CHARACTER_SET_RESULTS=@@CHARACTER_SET_RESULTS */;
/*!40101 SET @OLD_COLLATION_CONNECTION=@@COLLATION_CONNECTION */;
/*!40101 SET NAMES utf8mb4 */;

--
-- Database: `DB1210398`
--

-- --------------------------------------------------------

--
-- Stand-in structure for view `greg5_words_level`
-- (See below for the actual view)
--
CREATE TABLE `greg5_words_level` (
`level` char(50)
,`words_id` int(11)
,`words_number` tinyint(4)
,`last_asked` bigint(20)
);

-- --------------------------------------------------------

--
-- Stand-in structure for view `gregorio3_words_level`
-- (See below for the actual view)
--
CREATE TABLE `gregorio3_words_level` (
`level` char(50)
,`words_id` int(11)
,`words_number` tinyint(4)
,`last_asked` bigint(20)
);

-- --------------------------------------------------------

--
-- Table structure for table `gregorio_words_level`
--

CREATE TABLE `gregorio_words_level` (
  `level` char(50) NOT NULL,
  `words_id` int(11) NOT NULL,
  `words_number` tinyint(4) NOT NULL,
  `last_asked` bigint(20) NOT NULL
) ENGINE=InnoDB DEFAULT CHARSET=utf8 ROW_FORMAT=DYNAMIC;

-- --------------------------------------------------------

--
-- Table structure for table `pointslevel`
--

CREATE TABLE `pointslevel` (
  `user_id` int(11) NOT NULL,
  `level` char(50) DEFAULT NULL,
  `points` int(11) DEFAULT NULL,
  `audio` tinyint(4) NOT NULL DEFAULT '25'
) ENGINE=InnoDB DEFAULT CHARSET=utf8;

--
-- Dumping data for table `pointslevel`
--

INSERT INTO `pointslevel` (`user_id`, `level`, `points`, `audio`) VALUES
(6, 'D\r\n', 49300, 44),
(12, 'D', 6050, 27),
(13, 'A', 0, 34),
(17, 'A', 0, 78),
(19, 'A', 0, 25),
(22, 'A', 200, 25),
(23, 'A', 0, 25),
(24, 'A', 0, 25),
(25, 'A', 0, 25),
(26, 'A', 0, 59),
(27, 'A', 3750, 100);

-- --------------------------------------------------------

--
-- Table structure for table `selectable_words`
--

CREATE TABLE `selectable_words` (
  `id` int(11) NOT NULL,
  `word` char(50) NOT NULL,
  `folder` char(50) NOT NULL,
  `level` char(50) NOT NULL,
  `words_id` int(11) NOT NULL,
  `words_number` tinyint(4) NOT NULL,
  `last_asked` bigint(20) NOT NULL
) ENGINE=InnoDB DEFAULT CHARSET=utf8 ROW_FORMAT=DYNAMIC;

-- --------------------------------------------------------

--
-- Stand-in structure for view `selectable_words_greg5`
-- (See below for the actual view)
--
CREATE TABLE `selectable_words_greg5` (
`id` int(11)
,`word` char(50)
,`folder` char(50)
,`level` char(50)
,`words_id` int(11)
,`words_number` tinyint(4)
,`last_asked` bigint(20)
);

-- --------------------------------------------------------

--
-- Stand-in structure for view `selectable_words_gregorio`
-- (See below for the actual view)
--
CREATE TABLE `selectable_words_gregorio` (
`id` int(11)
,`word` char(50)
,`folder` char(50)
,`level` char(50)
,`words_id` int(11)
,`words_number` tinyint(4)
,`last_asked` bigint(20)
);

-- --------------------------------------------------------

--
-- Stand-in structure for view `selectable_words_gregorio3`
-- (See below for the actual view)
--
CREATE TABLE `selectable_words_gregorio3` (
`id` int(11)
,`word` char(50)
,`folder` char(50)
,`level` char(50)
,`words_id` int(11)
,`words_number` tinyint(4)
,`last_asked` bigint(20)
);

-- --------------------------------------------------------

--
-- Stand-in structure for view `selectable_words_mario`
-- (See below for the actual view)
--
CREATE TABLE `selectable_words_mario` (
`id` int(11)
,`word` char(50)
,`folder` char(50)
,`level` char(50)
,`words_id` int(11)
,`words_number` tinyint(4)
,`last_asked` bigint(20)
);

-- --------------------------------------------------------

--
-- Stand-in structure for view `selectable_words_tom`
-- (See below for the actual view)
--
CREATE TABLE `selectable_words_tom` (
`id` int(11)
,`word` char(50)
,`folder` char(50)
,`level` char(50)
,`words_id` int(11)
,`words_number` tinyint(4)
,`last_asked` bigint(20)
);

-- --------------------------------------------------------

--
-- Stand-in structure for view `selectable_words_Toni`
-- (See below for the actual view)
--
CREATE TABLE `selectable_words_Toni` (
`id` int(11)
,`word` char(50)
,`folder` char(50)
,`level` char(50)
,`words_id` int(11)
,`words_number` tinyint(4)
,`last_asked` bigint(20)
);

-- --------------------------------------------------------

--
-- Stand-in structure for view `selectable_words_user`
-- (See below for the actual view)
--
CREATE TABLE `selectable_words_user` (
`id` int(11)
,`word` char(50)
,`folder` char(50)
,`level` char(50)
,`words_id` int(11)
,`words_number` tinyint(4)
,`last_asked` bigint(20)
);

-- --------------------------------------------------------

--
-- Table structure for table `users`
--

CREATE TABLE `users` (
  `username` char(50) NOT NULL,
  `email` char(50) NOT NULL,
  `salt` char(50) NOT NULL,
  `id` int(11) NOT NULL,
  `password` char(70) NOT NULL,
  `audio` tinyint(4) NOT NULL DEFAULT '25'
) ENGINE=InnoDB DEFAULT CHARSET=utf8;

--
-- Dumping data for table `users`
--

INSERT INTO `users` (`username`, `email`, `salt`, `id`, `password`, `audio`) VALUES
('gregorio', 'gregxx77@yahoo.de', '40dc2db66ae54880', 6, '21ff79d415e34e530e51382c5a04c7bb384f401895815aa1df6351418430c55b', 25),
('gregorio3', 'gr@ya.de', '276efbf7f44f359', 12, '8afc1f37669e376bbc15890522b020d60287296affb3e902b99a9ae99e60ddd5', 25),
('mario', 'test@yahoo.de', '1061bede76a13804', 13, 'f3cd7bd1936fb643daeaeda7cd97d60ed33a13189de1c4ad476171b2fa0b97f8', 25),
('Océane', 'test@yahoo.fr', '26e400fc1d3670b8', 17, 'f8efb886ec2c5fb08e9bc3b9b9e65824722e79d74a742fbd33d8a2d091a5df8b', 25),
('Timothée', 'test2@yajoo.fr', 'baea6a515d90019', 19, '68bbb2e7ff002a262a0191147b2f2bd5a7bee5291d12dad7811276d160a48b4f', 25),
('greg5', 'zzz@yaa.de', '66f805a460e7983b', 22, '58b99e40342501a02327faedcd8eb049f0a5d5d74174951b1bd11ac02ed95a30', 25),
('Anthony', 'antho@yahoo.de', '6ad8d479d6d370', 23, '00137a3bb641ed5c64b1df39783bc74e4cfa97019d868347502e6a785ff5e6ba', 25),
('tom', 'tom@yahoo.de', '61f1a7d47e1e3dcd', 24, '572c79e7c56842c8a26d2069a8683ca7e98d5c2a014c5151399394ce398ade82', 25),
('Océanne', 'oceanne@yahoo.de', '30d7cc2bdc459f3', 25, '2a63d154d973a4083e513442edeb458716ce5f098dea781828961d5323bed1f8', 25),
('Toni', 'toni@yahoo.de', '5d0fe6b615711e5a', 26, 'ff9e04a6b51861b7ddc922ee6385ea4372ee9c99155982defecf8004d223256b', 25),
('user', 'user@email.com', '6e0511b5624d30e6', 27, '2f91719e2154daef577b951a0f3ddeaefb7e4ccf974570e16e9ddd904e80cf70', 25);

-- --------------------------------------------------------

--
-- Table structure for table `user_words_level`
--

CREATE TABLE `user_words_level` (
  `level` char(50) NOT NULL,
  `words_id` int(11) NOT NULL,
  `words_number` tinyint(4) NOT NULL,
  `last_asked` bigint(20) NOT NULL
) ENGINE=InnoDB DEFAULT CHARSET=utf8 ROW_FORMAT=DYNAMIC;

-- --------------------------------------------------------

--
-- Table structure for table `words`
--

CREATE TABLE `words` (
  `id` int(11) NOT NULL,
  `word` char(50) NOT NULL,
  `folder` char(50) NOT NULL,
  `level` char(50) NOT NULL
) ENGINE=InnoDB DEFAULT CHARSET=utf8;

--
-- Dumping data for table `words`
--

INSERT INTO `words` (`id`, `word`, `folder`, `level`) VALUES
(3, 'animal', 'mots/A', 'A'),
(4, 'bille', 'mots/A', 'A'),
(5, 'bol', 'mots/A', 'A'),
(6, 'camarade', 'mots/A', 'A'),
(7, 'caramel', 'mots/A', 'A'),
(8, 'carton', 'mots/A', 'A'),
(9, 'chaleur', 'mots/A', 'A'),
(10, 'chose', 'mots/A', 'A'),
(11, 'farine', 'mots/A', 'A'),
(12, 'feu', 'mots/A', 'A'),
(13, 'fille', 'mots/A', 'A'),
(14, 'fleur', 'mots/A', 'A'),
(15, 'fromage', 'mots/A', 'A'),
(16, 'marche', 'mots/A', 'A'),
(17, 'neveu', 'mots/A', 'A'),
(18, 'noir', 'mots/A', 'A'),
(19, 'parent', 'mots/A', 'A'),
(20, 'partir', 'mots/A', 'A'),
(21, 'potiron', 'mots/A', 'A'),
(22, 'poulet', 'mots/A', 'A'),
(23, 'premier', 'mots/A', 'A'),
(24, 'sardine', 'mots/A', 'A'),
(25, 'seul', 'mots/A', 'A'),
(26, 'sucre', 'mots/A', 'A'),
(27, 'tartine', 'mots/A', 'A'),
(28, 'tasse', 'mots/A', 'A'),
(29, 'tigre', 'mots/A', 'A'),
(30, 'trou', 'mots/A', 'A'),
(31, 'vendredi', 'mots/A', 'A'),
(32, 'ventre', 'mots/A', 'A'),
(33, 'vitrine', 'mots/A', 'A'),
(34, 'acier', 'mots/B', 'B'),
(35, 'besoin', 'mots/B', 'B'),
(36, 'blouse', 'mots/B', 'B'),
(37, 'bois', 'mots/B', 'B'),
(38, 'campeur', 'mots/B', 'B'),
(39, 'chaise', 'mots/B', 'B'),
(40, 'chance', 'mots/B', 'B'),
(41, 'chanson', 'mots/B', 'B'),
(42, 'chienne', 'mots/B', 'B'),
(43, 'cousin', 'mots/B', 'B'),
(44, 'deux', 'mots/B', 'B'),
(45, 'dindon', 'mots/B', 'B'),
(46, 'espoir', 'mots/B', 'B'),
(47, 'fleuve', 'mots/B', 'B'),
(48, 'froid', 'mots/B', 'B'),
(49, 'gant', 'mots/B', 'B'),
(50, 'jambon', 'mots/B', 'B'),
(51, 'lange', 'mots/B', 'B'),
(52, 'ligne', 'mots/B', 'B'),
(53, 'long', 'mots/B', 'B'),
(54, 'montagne', 'mots/B', 'B'),
(55, 'orange', 'mots/B', 'B'),
(56, 'pantalon', 'mots/B', 'B'),
(57, 'poison', 'mots/B', 'B'),
(58, 'poisson', 'mots/B', 'B'),
(59, 'quille', 'mots/B', 'B'),
(60, 'raisin', 'mots/B', 'B'),
(61, 'renard', 'mots/B', 'B'),
(62, 'six', 'mots/B', 'B'),
(63, 'soigner', 'mots/B', 'B'),
(64, 'valise', 'mots/B', 'B'),
(65, 'volaille', 'mots/B', 'B'),
(66, 'voyage', 'mots/B', 'B'),
(67, 'adresse', 'mots/C', 'C'),
(68, 'allonger', 'mots/C', 'C'),
(69, 'aviation', 'mots/C', 'C'),
(70, 'bijou', 'mots/C', 'C'),
(71, 'bouillon', 'mots/C', 'C'),
(72, 'caillou', 'mots/C', 'C'),
(73, 'carotte', 'mots/C', 'C'),
(74, 'champion', 'mots/C', 'C'),
(75, 'choix', 'mots/C', 'C'),
(76, 'commode', 'mots/C', 'C'),
(77, 'courrier', 'mots/C', 'C'),
(78, 'cravate', 'mots/C', 'C'),
(79, 'crayon', 'mots/C', 'C'),
(80, 'culotte', 'mots/C', 'C'),
(81, 'femme', 'mots/C', 'C'),
(82, 'feuille', 'mots/C', 'C'),
(83, 'fils', 'mots/C', 'C'),
(84, 'flamme', 'mots/C', 'C'),
(85, 'heureux', 'mots/C', 'C'),
(86, 'homme', 'mots/C', 'C'),
(87, 'horloger', 'mots/C', 'C'),
(88, 'jaloux', 'mots/C', 'C'),
(89, 'jamais', 'mots/C', 'C'),
(90, 'loup', 'mots/C', 'C'),
(91, 'monsieur', 'mots/C', 'C'),
(92, 'mouiller', 'mots/C', 'C'),
(93, 'oreiller', 'mots/C', 'C'),
(94, 'pavillon', 'mots/C', 'C'),
(95, 'pigeon', 'mots/C', 'C'),
(96, 'pompon', 'mots/C', 'C'),
(97, 'souhait', 'mots/C', 'C'),
(98, 'soupir', 'mots/C', 'C'),
(99, 'sourire', 'mots/C', 'C'),
(100, 'taquiner', 'mots/C', 'C'),
(101, 'terrain', 'mots/C', 'C'),
(102, 'toujours', 'mots/C', 'C'),
(103, 'tronc', 'mots/C', 'C'),
(104, 'accident', 'mots/D', 'D'),
(105, 'addition', 'mots/D', 'D'),
(106, 'agrafe', 'mots/D', 'D'),
(107, 'arracher', 'mots/D', 'D'),
(108, 'atterrir', 'mots/D', 'D'),
(109, 'autocar', 'mots/D', 'D'),
(110, 'buffet', 'mots/D', 'D'),
(111, 'ceinture', 'mots/D', 'D'),
(112, 'chahuter', 'mots/D', 'D'),
(113, 'clown', 'mots/D', 'D'),
(114, 'commis', 'mots/D', 'D'),
(115, 'comptoir', 'mots/D', 'D'),
(116, 'courir', 'mots/D', 'D'),
(117, 'cyclisme', 'mots/D', 'D'),
(118, 'dizaine', 'mots/D', 'D'),
(119, 'doigt', 'mots/D', 'D'),
(120, 'drap', 'mots/D', 'D'),
(121, 'dynamo', 'mots/D', 'D'),
(122, 'examen', 'mots/D', 'D'),
(123, 'exciter', 'mots/D', 'D'),
(124, 'exclu', 'mots/D', 'D'),
(125, 'hache', 'mots/D', 'D'),
(126, 'hachis', 'mots/D', 'D'),
(127, 'hareng', 'mots/D', 'D'),
(128, 'houille', 'mots/D', 'D'),
(129, 'inclus', 'mots/D', 'D'),
(130, 'larynx', 'mots/D', 'D'),
(131, 'mourir', 'mots/D', 'D'),
(132, 'passion', 'mots/D', 'D'),
(133, 'photo', 'mots/D', 'D'),
(134, 'phrase', 'mots/D', 'D'),
(135, 'physique', 'mots/D', 'D'),
(136, 'plomb', 'mots/D', 'D'),
(137, 'skieur', 'mots/D', 'D'),
(138, 'souffrir', 'mots/D', 'D'),
(139, 'soufre', 'mots/D', 'D'),
(140, 'thorax', 'mots/D', 'D'),
(141, 'tricycle', 'mots/D', 'D');

-- --------------------------------------------------------

--
-- Table structure for table `words_Anthony`
--

CREATE TABLE `words_Anthony` (
  `words_id` int(11) NOT NULL,
  `words_number` tinyint(4) NOT NULL,
  `last_asked` bigint(20) NOT NULL
) ENGINE=InnoDB DEFAULT CHARSET=utf8;

--
-- Dumping data for table `words_Anthony`
--

INSERT INTO `words_Anthony` (`words_id`, `words_number`, `last_asked`) VALUES
(3, 1, 0),
(4, 1, 0),
(5, 1, 0),
(6, 1, 0),
(7, 1, 0),
(8, 1, 0),
(9, 1, 0),
(10, 1, 0),
(11, 1, 0),
(12, 1, 0),
(13, 1, 0),
(14, 1, 0),
(15, 1, 0),
(16, 1, 0),
(17, 1, 0),
(18, 1, 0),
(19, 1, 0),
(20, 1, 0),
(21, 1, 0),
(22, 1, 0),
(23, 1, 0),
(24, 1, 0),
(25, 1, 0),
(26, 1, 0),
(27, 1, 0),
(28, 1, 0),
(29, 1, 0),
(30, 1, 0),
(31, 1, 0),
(32, 1, 0),
(33, 1, 0),
(34, 1, 0),
(35, 1, 0),
(36, 1, 0),
(37, 1, 0),
(38, 1, 0),
(39, 1, 0),
(40, 1, 0),
(41, 1, 0),
(42, 1, 0),
(43, 1, 0),
(44, 1, 0),
(45, 1, 0),
(46, 1, 0),
(47, 1, 0),
(48, 1, 0),
(49, 1, 0),
(50, 1, 0),
(51, 1, 0),
(52, 1, 0),
(53, 1, 0),
(54, 1, 0),
(55, 1, 0),
(56, 1, 0),
(57, 1, 0),
(58, 1, 0),
(59, 1, 0),
(60, 1, 0),
(61, 1, 0),
(62, 1, 0),
(63, 1, 0),
(64, 1, 0),
(65, 1, 0),
(66, 1, 0),
(67, 1, 0),
(68, 1, 0),
(69, 1, 0),
(70, 1, 0),
(71, 1, 0),
(72, 1, 0),
(73, 1, 0),
(74, 1, 0),
(75, 1, 0),
(76, 1, 0),
(77, 1, 0),
(78, 1, 0),
(79, 1, 0),
(80, 1, 0),
(81, 1, 0),
(82, 1, 0),
(83, 1, 0),
(84, 1, 0),
(85, 1, 0),
(86, 1, 0),
(87, 1, 0),
(88, 1, 0),
(89, 1, 0),
(90, 1, 0),
(91, 1, 0),
(92, 1, 0),
(93, 1, 0),
(94, 1, 0),
(95, 1, 0),
(96, 1, 0),
(97, 1, 0),
(98, 1, 0),
(99, 1, 0),
(100, 1, 0),
(101, 1, 0),
(102, 1, 0),
(103, 1, 0),
(104, 1, 0),
(105, 1, 0),
(106, 1, 0),
(107, 1, 0),
(108, 1, 0),
(109, 1, 0),
(110, 1, 0),
(111, 1, 0),
(112, 1, 0),
(113, 1, 0),
(114, 1, 0),
(115, 1, 0),
(116, 1, 0),
(117, 1, 0),
(118, 1, 0),
(119, 1, 0),
(120, 1, 0),
(121, 1, 0),
(122, 1, 0),
(123, 1, 0),
(124, 1, 0),
(125, 1, 0),
(126, 1, 0),
(127, 1, 0),
(128, 1, 0),
(129, 1, 0),
(130, 1, 0),
(131, 1, 0),
(132, 1, 0),
(133, 1, 0),
(134, 1, 0),
(135, 1, 0),
(136, 1, 0),
(137, 1, 0),
(138, 1, 0),
(139, 1, 0),
(140, 1, 0),
(141, 1, 0);

-- --------------------------------------------------------

--
-- Table structure for table `words_greg5`
--

CREATE TABLE `words_greg5` (
  `words_id` int(11) NOT NULL,
  `words_number` tinyint(4) NOT NULL,
  `last_asked` bigint(20) NOT NULL
) ENGINE=InnoDB DEFAULT CHARSET=utf8;

--
-- Dumping data for table `words_greg5`
--

INSERT INTO `words_greg5` (`words_id`, `words_number`, `last_asked`) VALUES
(3, 0, 1529791200),
(4, 1, 1529791200),
(5, 1, 0),
(6, 1, 0),
(7, 1, 1529791200),
(8, 1, 1529791200),
(9, 1, 1529791200),
(10, 1, 1529791200),
(11, 1, 0),
(12, 1, 0),
(13, 1, 0),
(14, 1, 1529791200),
(15, 1, 1529791200),
(16, 1, 1529791200),
(17, 1, 0),
(18, 1, 1529791200),
(19, 1, 1529791200),
(20, 1, 0),
(21, 1, 0),
(22, 0, 1529791200),
(23, 1, 0),
(24, 1, 1529791200),
(25, 1, 0),
(26, 1, 0),
(27, 1, 0),
(28, 1, 0),
(29, 1, 1529791200),
(30, 1, 0),
(31, 1, 1529791200),
(32, 1, 0),
(33, 1, 0),
(34, 1, 0),
(35, 1, 0),
(36, 1, 0),
(37, 1, 0),
(38, 1, 0),
(39, 1, 0),
(40, 1, 0),
(41, 1, 0),
(42, 1, 0),
(43, 1, 0),
(44, 1, 0),
(45, 1, 0),
(46, 1, 0),
(47, 1, 0),
(48, 1, 0),
(49, 1, 0),
(50, 1, 0),
(51, 1, 0),
(52, 1, 0),
(53, 1, 0),
(54, 1, 0),
(55, 1, 0),
(56, 1, 0),
(57, 1, 0),
(58, 1, 0),
(59, 1, 0),
(60, 1, 0),
(61, 1, 0),
(62, 1, 0),
(63, 1, 0),
(64, 1, 0),
(65, 1, 0),
(66, 1, 0),
(67, 1, 0),
(68, 1, 0),
(69, 1, 0),
(70, 1, 0),
(71, 1, 0),
(72, 1, 0),
(73, 1, 0),
(74, 1, 0),
(75, 1, 0),
(76, 1, 0),
(77, 1, 0),
(78, 1, 0),
(79, 1, 0),
(80, 1, 0),
(81, 1, 0),
(82, 1, 0),
(83, 1, 0),
(84, 1, 0),
(85, 1, 0),
(86, 1, 0),
(87, 1, 0),
(88, 1, 0),
(89, 1, 0),
(90, 1, 0),
(91, 1, 0),
(92, 1, 0),
(93, 1, 0),
(94, 1, 0),
(95, 1, 0),
(96, 1, 0),
(97, 1, 0),
(98, 1, 0),
(99, 1, 0),
(100, 1, 0),
(101, 1, 0),
(102, 1, 0),
(103, 1, 0),
(104, 1, 0),
(105, 1, 0),
(106, 1, 0),
(107, 1, 0),
(108, 1, 0),
(109, 1, 0),
(110, 1, 0),
(111, 1, 0),
(112, 1, 0),
(113, 1, 0),
(114, 1, 0),
(115, 1, 0),
(116, 1, 0),
(117, 1, 0),
(118, 1, 0),
(119, 1, 0),
(120, 1, 0),
(121, 1, 0),
(122, 1, 0),
(123, 1, 0),
(124, 1, 0),
(125, 1, 0),
(126, 1, 0),
(127, 1, 0),
(128, 1, 0),
(129, 1, 0),
(130, 1, 0),
(131, 1, 0),
(132, 1, 0),
(133, 1, 0),
(134, 1, 0),
(135, 1, 0),
(136, 1, 0),
(137, 1, 0),
(138, 1, 0),
(139, 1, 0),
(140, 1, 0),
(141, 1, 0);

-- --------------------------------------------------------

--
-- Table structure for table `words_gregorio`
--

CREATE TABLE `words_gregorio` (
  `words_id` int(11) NOT NULL,
  `words_number` tinyint(4) NOT NULL,
  `last_asked` bigint(20) NOT NULL
) ENGINE=InnoDB DEFAULT CHARSET=utf8;

--
-- Dumping data for table `words_gregorio`
--

INSERT INTO `words_gregorio` (`words_id`, `words_number`, `last_asked`) VALUES
(3, 0, 1529359200),
(4, 0, 1529359200),
(5, 0, 1529359200),
(6, 1, 1722204000),
(7, 0, 1529359200),
(8, 0, 1529359200),
(9, 0, 1529359200),
(10, 0, 1529359200),
(11, 0, 1529359200),
(12, 0, 1529359200),
(13, 0, 1529359200),
(14, 0, 1529359200),
(15, 0, 1529359200),
(16, 0, 1529359200),
(17, 0, 1529359200),
(18, 0, 1529359200),
(19, 0, 1529359200),
(20, 1, 1722204000),
(21, 0, 1529359200),
(22, 0, 1529359200),
(23, 0, 1529359200),
(24, 0, 1529359200),
(25, 1, 1722204000),
(26, 0, 1529359200),
(27, 0, 1529359200),
(28, 0, 1529359200),
(29, 1, 1722204000),
(30, 0, 1529359200),
(31, 1, 1722204000),
(32, 1, 1722204000),
(33, 1, 1722204000),
(34, 0, 1529359200),
(35, 0, 1722204000),
(36, 0, 1529359200),
(37, 0, 1722204000),
(38, 4, 1722204000),
(39, 0, 1529359200),
(40, 0, 1529359200),
(41, 0, 1529359200),
(42, 0, 1529359200),
(43, 0, 1529359200),
(44, 0, 1529359200),
(45, 0, 1529359200),
(46, 0, 1529359200),
(47, 0, 1529359200),
(48, 0, 1529359200),
(49, 3, 1722204000),
(50, 0, 1529359200),
(51, 0, 1529359200),
(52, 0, 1529359200),
(53, 1, 1722204000),
(54, 0, 1722204000),
(55, 0, 1529359200),
(56, 0, 1529359200),
(57, 0, 1722204000),
(58, 0, 1529359200),
(59, 0, 1529359200),
(60, 0, 1529359200),
(61, 0, 1529359200),
(62, 0, 1529359200),
(63, 0, 1529359200),
(64, 0, 1529359200),
(65, 0, 1529359200),
(66, 1, 1722204000),
(67, 0, 1529359200),
(68, 2, 1722204000),
(69, 0, 1529359200),
(70, 2, 1722204000),
(71, 0, 1529359200),
(72, 0, 1529359200),
(73, 2, 1722204000),
(74, 1, 1722204000),
(75, 0, 1529359200),
(76, 3, 1722204000),
(77, 0, 1529359200),
(78, 0, 1529359200),
(79, 0, 1529359200),
(80, 0, 1529359200),
(81, 0, 1529359200),
(82, 0, 1529359200),
(83, 2, 1722204000),
(84, 0, 1529359200),
(85, 0, 1529359200),
(86, 3, 1722204000),
(87, 0, 1529359200),
(88, 0, 1529359200),
(89, 1, 1722204000),
(90, 0, 1529359200),
(91, 0, 1529359200),
(92, 0, 1529359200),
(93, 0, 1529359200),
(94, 0, 1529359200),
(95, 0, 1529359200),
(96, 0, 1529359200),
(97, 0, 1529359200),
(98, 0, 1529359200),
(99, 0, 1529359200),
(100, 0, 1529359200),
(101, 0, 1529359200),
(102, 0, 1529359200),
(103, 3, 1722204000),
(104, 0, 1529359200),
(105, 0, 1529359200),
(106, 0, 1529359200),
(107, 2, 1722204000),
(108, 1, 1529359200),
(109, 0, 1529359200),
(110, 0, 1529359200),
(111, 0, 1529359200),
(112, 0, 1529359200),
(113, 0, 1529359200),
(114, 2, 1722204000),
(115, 0, 1529359200),
(116, 1, 1722204000),
(117, 0, 1529359200),
(118, 0, 1529359200),
(119, 0, 1529359200),
(120, 0, 1529359200),
(121, 0, 1529359200),
(122, 0, 1529359200),
(123, 0, 1529359200),
(124, 0, 1722204000),
(125, 0, 1529359200),
(126, 3, 1722204000),
(127, 0, 1529359200),
(128, 0, 1529359200),
(129, 2, 1722204000),
(130, 0, 1529359200),
(131, 0, 1529359200),
(132, 0, 1529359200),
(133, 0, 1529359200),
(134, 0, 1529359200),
(135, 0, 1529359200),
(136, 0, 1529359200),
(137, 0, 1529359200),
(138, 0, 1529359200),
(139, 0, 1529359200),
(140, 0, 1529359200),
(141, 3, 1722204000);

-- --------------------------------------------------------

--
-- Table structure for table `words_gregorio3`
--

CREATE TABLE `words_gregorio3` (
  `words_id` int(11) NOT NULL,
  `words_number` tinyint(4) NOT NULL,
  `last_asked` bigint(20) NOT NULL
) ENGINE=InnoDB DEFAULT CHARSET=utf8;

--
-- Dumping data for table `words_gregorio3`
--

INSERT INTO `words_gregorio3` (`words_id`, `words_number`, `last_asked`) VALUES
(3, 1, 1529791200),
(4, 0, 1529445600),
(5, 1, 1529791200),
(6, 1, 1529791200),
(7, 1, 1529791200),
(8, 1, 1529791200),
(9, 0, 1529791200),
(10, 0, 1529445600),
(11, 0, 1529445600),
(12, 0, 1529445600),
(13, 1, 1529791200),
(14, 0, 1529445600),
(15, 0, 1529445600),
(16, 0, 1529445600),
(17, 0, 1529445600),
(18, 0, 1529791200),
(19, 0, 1529445600),
(20, 1, 1529791200),
(21, 1, 1529791200),
(22, 0, 1529445600),
(23, 1, 1529791200),
(24, 1, 1529791200),
(25, 0, 1529445600),
(26, 0, 1529791200),
(27, 0, 1529445600),
(28, 0, 1529791200),
(29, 0, 1529445600),
(30, 0, 1529791200),
(31, 0, 1529445600),
(32, 0, 1529445600),
(33, 0, 1529445600),
(34, 0, 1529445600),
(35, 1, 1529791200),
(36, 0, 1529791200),
(37, 0, 1529445600),
(38, 0, 1529445600),
(39, 0, 1529445600),
(40, 1, 1529791200),
(41, 0, 1529445600),
(42, 0, 1529445600),
(43, 0, 1529445600),
(44, 0, 1529445600),
(45, 0, 1529791200),
(46, 1, 1529791200),
(47, 0, 1529445600),
(48, 0, 1529445600),
(49, 1, 1529791200),
(50, 0, 1529445600),
(51, 0, 1529791200),
(52, 0, 1529445600),
(53, 1, 1529791200),
(54, 0, 1529445600),
(55, 1, 1529791200),
(56, 0, 1529791200),
(57, 1, 1529791200),
(58, 1, 1529791200),
(59, 0, 1529445600),
(60, 1, 1529791200),
(61, 0, 1529445600),
(62, 1, 1529791200),
(63, 1, 1529791200),
(64, 0, 1529445600),
(65, 1, 1529791200),
(66, 1, 1529791200),
(67, 1, 1529791200),
(68, 1, 1529791200),
(69, 1, 1529791200),
(70, 0, 1529791200),
(71, 0, 1529791200),
(72, 1, 1529791200),
(73, 1, 1529791200),
(74, 1, 1529791200),
(75, 0, 1529791200),
(76, 1, 1529791200),
(77, 1, 1529791200),
(78, 1, 1529791200),
(79, 0, 1529791200),
(80, 1, 1529791200),
(81, 1, 1529791200),
(82, 1, 1529791200),
(83, 1, 1529791200),
(84, 1, 1529791200),
(85, 1, 1529791200),
(86, 1, 1529791200),
(87, 1, 1529791200),
(88, 1, 1529791200),
(89, 0, 1529791200),
(90, 1, 1529791200),
(91, 1, 1529791200),
(92, 0, 1529791200),
(93, 0, 1529791200),
(94, 1, 1529791200),
(95, 1, 1529791200),
(96, 1, 1529791200),
(97, 1, 1529791200),
(98, 1, 1529791200),
(99, 1, 1529791200),
(100, 1, 1529791200),
(101, 0, 1529445600),
(102, 0, 1529791200),
(103, 1, 1529791200),
(104, 0, 1529791200),
(105, 1, 1529791200),
(106, 1, 1529791200),
(107, 1, 1529791200),
(108, 1, 1529791200),
(109, 1, 1529791200),
(110, 0, 1529791200),
(111, 1, 1529791200),
(112, 1, 1529791200),
(113, 1, 1529791200),
(114, 1, 1529791200),
(115, 0, 1529445600),
(116, 1, 1529791200),
(117, 0, 1529791200),
(118, 1, 1529791200),
(119, 1, 1529791200),
(120, 0, 1529791200),
(121, 0, 1529791200),
(122, 0, 1529791200),
(123, 1, 1529791200),
(124, 1, 1529791200),
(125, 1, 1529791200),
(126, 1, 1529791200),
(127, 1, 1529791200),
(128, 1, 1529791200),
(129, 1, 1529791200),
(130, 0, 1529791200),
(131, 1, 1529791200),
(132, 1, 1529791200),
(133, 0, 1529791200),
(134, 1, 1529791200),
(135, 1, 1529791200),
(136, 1, 1529791200),
(137, 1, 1529791200),
(138, 1, 1529791200),
(139, 1, 1529791200),
(140, 0, 1529791200),
(141, 1, 1529791200);

-- --------------------------------------------------------

--
-- Table structure for table `words_mario`
--

CREATE TABLE `words_mario` (
  `words_id` int(11) NOT NULL,
  `words_number` tinyint(4) NOT NULL,
  `last_asked` bigint(20) NOT NULL
) ENGINE=InnoDB DEFAULT CHARSET=utf8;

--
-- Dumping data for table `words_mario`
--

INSERT INTO `words_mario` (`words_id`, `words_number`, `last_asked`) VALUES
(3, 1, 0),
(4, 1, 0),
(5, 1, 0),
(6, 1, 0),
(7, 1, 0),
(8, 1, 0),
(9, 1, 0),
(10, 1, 0),
(11, 1, 0),
(12, 1, 0),
(13, 1, 0),
(14, 1, 0),
(15, 1, 0),
(16, 1, 0),
(17, 1, 0),
(18, 1, 0),
(19, 1, 0),
(20, 1, 0),
(21, 1, 0),
(22, 1, 0),
(23, 1, 0),
(24, 1, 0),
(25, 1, 0),
(26, 1, 0),
(27, 1, 0),
(28, 1, 0),
(29, 1, 0),
(30, 1, 0),
(31, 1, 0),
(32, 1, 0),
(33, 1, 0),
(34, 1, 0),
(35, 1, 0),
(36, 1, 0),
(37, 1, 0),
(38, 1, 0),
(39, 1, 0),
(40, 1, 0),
(41, 1, 0),
(42, 1, 0),
(43, 1, 0),
(44, 1, 0),
(45, 1, 0),
(46, 1, 0),
(47, 1, 0),
(48, 1, 0),
(49, 1, 0),
(50, 1, 0),
(51, 1, 0),
(52, 1, 0),
(53, 1, 0),
(54, 1, 0),
(55, 1, 0),
(56, 1, 0),
(57, 1, 0),
(58, 1, 0),
(59, 1, 0),
(60, 1, 0),
(61, 1, 0),
(62, 1, 0),
(63, 1, 0),
(64, 1, 0),
(65, 1, 0),
(66, 1, 0),
(67, 1, 0),
(68, 1, 0),
(69, 1, 0),
(70, 1, 0),
(71, 1, 0),
(72, 1, 0),
(73, 1, 0),
(74, 1, 0),
(75, 1, 0),
(76, 1, 0),
(77, 1, 0),
(78, 1, 0),
(79, 1, 0),
(80, 1, 0),
(81, 1, 0),
(82, 1, 0),
(83, 1, 0),
(84, 1, 0),
(85, 1, 0),
(86, 1, 0),
(87, 1, 0),
(88, 1, 0),
(89, 1, 0),
(90, 1, 0),
(91, 1, 0),
(92, 1, 0),
(93, 1, 0),
(94, 1, 0),
(95, 1, 0),
(96, 1, 0),
(97, 1, 0),
(98, 1, 0),
(99, 1, 0),
(100, 1, 0),
(101, 1, 0),
(102, 1, 0),
(103, 1, 0),
(104, 1, 0),
(105, 1, 0),
(106, 1, 0),
(107, 1, 0),
(108, 1, 0),
(109, 1, 0),
(110, 1, 0),
(111, 1, 0),
(112, 1, 0),
(113, 1, 0),
(114, 1, 0),
(115, 1, 0),
(116, 1, 0),
(117, 1, 0),
(118, 1, 0),
(119, 1, 0),
(120, 1, 0),
(121, 1, 0),
(122, 1, 0),
(123, 1, 0),
(124, 1, 0),
(125, 1, 0),
(126, 1, 0),
(127, 1, 0),
(128, 1, 0),
(129, 1, 0),
(130, 1, 0),
(131, 1, 0),
(132, 1, 0),
(133, 1, 0),
(134, 1, 0),
(135, 1, 0),
(136, 1, 0),
(137, 1, 0),
(138, 1, 0),
(139, 1, 0),
(140, 1, 0),
(141, 1, 0);

-- --------------------------------------------------------

--
-- Table structure for table `words_océane`
--

CREATE TABLE `words_océane` (
  `words_id` int(11) NOT NULL,
  `words_number` tinyint(4) NOT NULL,
  `last_asked` bigint(20) NOT NULL
) ENGINE=InnoDB DEFAULT CHARSET=utf8;

--
-- Dumping data for table `words_océane`
--

INSERT INTO `words_océane` (`words_id`, `words_number`, `last_asked`) VALUES
(3, 1, 0),
(4, 1, 0),
(5, 1, 0),
(6, 1, 0),
(7, 1, 0),
(8, 1, 0),
(9, 1, 0),
(10, 1, 0),
(11, 1, 0),
(12, 1, 0),
(13, 1, 0),
(14, 1, 0),
(15, 1, 0),
(16, 1, 0),
(17, 1, 0),
(18, 1, 0),
(19, 1, 0),
(20, 1, 0),
(21, 1, 0),
(22, 1, 0),
(23, 1, 0),
(24, 1, 0),
(25, 1, 0),
(26, 1, 0),
(27, 1, 0),
(28, 1, 0),
(29, 1, 0),
(30, 1, 0),
(31, 1, 0),
(32, 1, 0),
(33, 1, 0),
(34, 1, 0),
(35, 1, 0),
(36, 1, 0),
(37, 1, 0),
(38, 1, 0),
(39, 1, 0),
(40, 1, 0),
(41, 1, 0),
(42, 1, 0),
(43, 1, 0),
(44, 1, 0),
(45, 1, 0),
(46, 1, 0),
(47, 1, 0),
(48, 1, 0),
(49, 1, 0),
(50, 1, 0),
(51, 1, 0),
(52, 1, 0),
(53, 1, 0),
(54, 1, 0),
(55, 1, 0),
(56, 1, 0),
(57, 1, 0),
(58, 1, 0),
(59, 1, 0),
(60, 1, 0),
(61, 1, 0),
(62, 1, 0),
(63, 1, 0),
(64, 1, 0),
(65, 1, 0),
(66, 1, 0),
(67, 1, 0),
(68, 1, 0),
(69, 1, 0),
(70, 1, 0),
(71, 1, 0),
(72, 1, 0),
(73, 1, 0),
(74, 1, 0),
(75, 1, 0),
(76, 1, 0),
(77, 1, 0),
(78, 1, 0),
(79, 1, 0),
(80, 1, 0),
(81, 1, 0),
(82, 1, 0),
(83, 1, 0),
(84, 1, 0),
(85, 1, 0),
(86, 1, 0),
(87, 1, 0),
(88, 1, 0),
(89, 1, 0),
(90, 1, 0),
(91, 1, 0),
(92, 1, 0),
(93, 1, 0),
(94, 1, 0),
(95, 1, 0),
(96, 1, 0),
(97, 1, 0),
(98, 1, 0),
(99, 1, 0),
(100, 1, 0),
(101, 1, 0),
(102, 1, 0),
(103, 1, 0),
(104, 1, 0),
(105, 1, 0),
(106, 1, 0),
(107, 1, 0),
(108, 1, 0),
(109, 1, 0),
(110, 1, 0),
(111, 1, 0),
(112, 1, 0),
(113, 1, 0),
(114, 1, 0),
(115, 1, 0),
(116, 1, 0),
(117, 1, 0),
(118, 1, 0),
(119, 1, 0),
(120, 1, 0),
(121, 1, 0),
(122, 1, 0),
(123, 1, 0),
(124, 1, 0),
(125, 1, 0),
(126, 1, 0),
(127, 1, 0),
(128, 1, 0),
(129, 1, 0),
(130, 1, 0),
(131, 1, 0),
(132, 1, 0),
(133, 1, 0),
(134, 1, 0),
(135, 1, 0),
(136, 1, 0),
(137, 1, 0),
(138, 1, 0),
(139, 1, 0),
(140, 1, 0),
(141, 1, 0);

-- --------------------------------------------------------

--
-- Table structure for table `words_Océanne`
--

CREATE TABLE `words_Océanne` (
  `words_id` int(11) NOT NULL,
  `words_number` tinyint(4) NOT NULL,
  `last_asked` bigint(20) NOT NULL
) ENGINE=InnoDB DEFAULT CHARSET=utf8;

--
-- Dumping data for table `words_Océanne`
--

INSERT INTO `words_Océanne` (`words_id`, `words_number`, `last_asked`) VALUES
(3, 1, 0),
(4, 1, 0),
(5, 1, 0),
(6, 1, 0),
(7, 1, 0),
(8, 1, 0),
(9, 1, 0),
(10, 1, 0),
(11, 1, 0),
(12, 1, 0),
(13, 1, 0),
(14, 1, 0),
(15, 1, 0),
(16, 1, 0),
(17, 1, 0),
(18, 1, 0),
(19, 1, 0),
(20, 1, 0),
(21, 1, 0),
(22, 1, 0),
(23, 1, 0),
(24, 1, 0),
(25, 1, 0),
(26, 1, 0),
(27, 1, 0),
(28, 1, 0),
(29, 1, 0),
(30, 1, 0),
(31, 1, 0),
(32, 1, 0),
(33, 1, 0),
(34, 1, 0),
(35, 1, 0),
(36, 1, 0),
(37, 1, 0),
(38, 1, 0),
(39, 1, 0),
(40, 1, 0),
(41, 1, 0),
(42, 1, 0),
(43, 1, 0),
(44, 1, 0),
(45, 1, 0),
(46, 1, 0),
(47, 1, 0),
(48, 1, 0),
(49, 1, 0),
(50, 1, 0),
(51, 1, 0),
(52, 1, 0),
(53, 1, 0),
(54, 1, 0),
(55, 1, 0),
(56, 1, 0),
(57, 1, 0),
(58, 1, 0),
(59, 1, 0),
(60, 1, 0),
(61, 1, 0),
(62, 1, 0),
(63, 1, 0),
(64, 1, 0),
(65, 1, 0),
(66, 1, 0),
(67, 1, 0),
(68, 1, 0),
(69, 1, 0),
(70, 1, 0),
(71, 1, 0),
(72, 1, 0),
(73, 1, 0),
(74, 1, 0),
(75, 1, 0),
(76, 1, 0),
(77, 1, 0),
(78, 1, 0),
(79, 1, 0),
(80, 1, 0),
(81, 1, 0),
(82, 1, 0),
(83, 1, 0),
(84, 1, 0),
(85, 1, 0),
(86, 1, 0),
(87, 1, 0),
(88, 1, 0),
(89, 1, 0),
(90, 1, 0),
(91, 1, 0),
(92, 1, 0),
(93, 1, 0),
(94, 1, 0),
(95, 1, 0),
(96, 1, 0),
(97, 1, 0),
(98, 1, 0),
(99, 1, 0),
(100, 1, 0),
(101, 1, 0),
(102, 1, 0),
(103, 1, 0),
(104, 1, 0),
(105, 1, 0),
(106, 1, 0),
(107, 1, 0),
(108, 1, 0),
(109, 1, 0),
(110, 1, 0),
(111, 1, 0),
(112, 1, 0),
(113, 1, 0),
(114, 1, 0),
(115, 1, 0),
(116, 1, 0),
(117, 1, 0),
(118, 1, 0),
(119, 1, 0),
(120, 1, 0),
(121, 1, 0),
(122, 1, 0),
(123, 1, 0),
(124, 1, 0),
(125, 1, 0),
(126, 1, 0),
(127, 1, 0),
(128, 1, 0),
(129, 1, 0),
(130, 1, 0),
(131, 1, 0),
(132, 1, 0),
(133, 1, 0),
(134, 1, 0),
(135, 1, 0),
(136, 1, 0),
(137, 1, 0),
(138, 1, 0),
(139, 1, 0),
(140, 1, 0),
(141, 1, 0);

-- --------------------------------------------------------

--
-- Table structure for table `words_timothée`
--

CREATE TABLE `words_timothée` (
  `words_id` int(11) NOT NULL,
  `words_number` tinyint(4) NOT NULL,
  `last_asked` bigint(20) NOT NULL
) ENGINE=InnoDB DEFAULT CHARSET=utf8;

--
-- Dumping data for table `words_timothée`
--

INSERT INTO `words_timothée` (`words_id`, `words_number`, `last_asked`) VALUES
(3, 1, 0),
(4, 1, 0),
(5, 1, 0),
(6, 1, 0),
(7, 1, 0),
(8, 1, 0),
(9, 1, 0),
(10, 1, 0),
(11, 1, 0),
(12, 1, 0),
(13, 1, 0),
(14, 1, 0),
(15, 1, 0),
(16, 1, 0),
(17, 1, 0),
(18, 1, 0),
(19, 1, 0),
(20, 1, 0),
(21, 1, 0),
(22, 1, 0),
(23, 1, 0),
(24, 1, 0),
(25, 1, 0),
(26, 1, 0),
(27, 1, 0),
(28, 1, 0),
(29, 1, 0),
(30, 1, 0),
(31, 1, 0),
(32, 1, 0),
(33, 1, 0),
(34, 1, 0),
(35, 1, 0),
(36, 1, 0),
(37, 1, 0),
(38, 1, 0),
(39, 1, 0),
(40, 1, 0),
(41, 1, 0),
(42, 1, 0),
(43, 1, 0),
(44, 1, 0),
(45, 1, 0),
(46, 1, 0),
(47, 1, 0),
(48, 1, 0),
(49, 1, 0),
(50, 1, 0),
(51, 1, 0),
(52, 1, 0),
(53, 1, 0),
(54, 1, 0),
(55, 1, 0),
(56, 1, 0),
(57, 1, 0),
(58, 1, 0),
(59, 1, 0),
(60, 1, 0),
(61, 1, 0),
(62, 1, 0),
(63, 1, 0),
(64, 1, 0),
(65, 1, 0),
(66, 1, 0),
(67, 1, 0),
(68, 1, 0),
(69, 1, 0),
(70, 1, 0),
(71, 1, 0),
(72, 1, 0),
(73, 1, 0),
(74, 1, 0),
(75, 1, 0),
(76, 1, 0),
(77, 1, 0),
(78, 1, 0),
(79, 1, 0),
(80, 1, 0),
(81, 1, 0),
(82, 1, 0),
(83, 1, 0),
(84, 1, 0),
(85, 1, 0),
(86, 1, 0),
(87, 1, 0),
(88, 1, 0),
(89, 1, 0),
(90, 1, 0),
(91, 1, 0),
(92, 1, 0),
(93, 1, 0),
(94, 1, 0),
(95, 1, 0),
(96, 1, 0),
(97, 1, 0),
(98, 1, 0),
(99, 1, 0),
(100, 1, 0),
(101, 1, 0),
(102, 1, 0),
(103, 1, 0),
(104, 1, 0),
(105, 1, 0),
(106, 1, 0),
(107, 1, 0),
(108, 1, 0),
(109, 1, 0),
(110, 1, 0),
(111, 1, 0),
(112, 1, 0),
(113, 1, 0),
(114, 1, 0),
(115, 1, 0),
(116, 1, 0),
(117, 1, 0),
(118, 1, 0),
(119, 1, 0),
(120, 1, 0),
(121, 1, 0),
(122, 1, 0),
(123, 1, 0),
(124, 1, 0),
(125, 1, 0),
(126, 1, 0),
(127, 1, 0),
(128, 1, 0),
(129, 1, 0),
(130, 1, 0),
(131, 1, 0),
(132, 1, 0),
(133, 1, 0),
(134, 1, 0),
(135, 1, 0),
(136, 1, 0),
(137, 1, 0),
(138, 1, 0),
(139, 1, 0),
(140, 1, 0),
(141, 1, 0);

-- --------------------------------------------------------

--
-- Table structure for table `words_tom`
--

CREATE TABLE `words_tom` (
  `words_id` int(11) NOT NULL,
  `words_number` tinyint(4) NOT NULL,
  `last_asked` bigint(20) NOT NULL
) ENGINE=InnoDB DEFAULT CHARSET=utf8;

--
-- Dumping data for table `words_tom`
--

INSERT INTO `words_tom` (`words_id`, `words_number`, `last_asked`) VALUES
(3, 1, 0),
(4, 1, 0),
(5, 1, 0),
(6, 1, 0),
(7, 1, 0),
(8, 1, 0),
(9, 1, 0),
(10, 1, 0),
(11, 1, 0),
(12, 1, 0),
(13, 1, 0),
(14, 1, 0),
(15, 1, 0),
(16, 1, 0),
(17, 1, 0),
(18, 1, 0),
(19, 1, 0),
(20, 1, 0),
(21, 1, 0),
(22, 1, 0),
(23, 1, 0),
(24, 1, 0),
(25, 1, 0),
(26, 1, 0),
(27, 1, 0),
(28, 1, 0),
(29, 1, 0),
(30, 1, 0),
(31, 1, 0),
(32, 1, 0),
(33, 1, 0),
(34, 1, 0),
(35, 1, 0),
(36, 1, 0),
(37, 1, 0),
(38, 1, 0),
(39, 1, 0),
(40, 1, 0),
(41, 1, 0),
(42, 1, 0),
(43, 1, 0),
(44, 1, 0),
(45, 1, 0),
(46, 1, 0),
(47, 1, 0),
(48, 1, 0),
(49, 1, 0),
(50, 1, 0),
(51, 1, 0),
(52, 1, 0),
(53, 1, 0),
(54, 1, 0),
(55, 1, 0),
(56, 1, 0),
(57, 1, 0),
(58, 1, 0),
(59, 1, 0),
(60, 1, 0),
(61, 1, 0),
(62, 1, 0),
(63, 1, 0),
(64, 1, 0),
(65, 1, 0),
(66, 1, 0),
(67, 1, 0),
(68, 1, 0),
(69, 1, 0),
(70, 1, 0),
(71, 1, 0),
(72, 1, 0),
(73, 1, 0),
(74, 1, 0),
(75, 1, 0),
(76, 1, 0),
(77, 1, 0),
(78, 1, 0),
(79, 1, 0),
(80, 1, 0),
(81, 1, 0),
(82, 1, 0),
(83, 1, 0),
(84, 1, 0),
(85, 1, 0),
(86, 1, 0),
(87, 1, 0),
(88, 1, 0),
(89, 1, 0),
(90, 1, 0),
(91, 1, 0),
(92, 1, 0),
(93, 1, 0),
(94, 1, 0),
(95, 1, 0),
(96, 1, 0),
(97, 1, 0),
(98, 1, 0),
(99, 1, 0),
(100, 1, 0),
(101, 1, 0),
(102, 1, 0),
(103, 1, 0),
(104, 1, 0),
(105, 1, 0),
(106, 1, 0),
(107, 1, 0),
(108, 1, 0),
(109, 1, 0),
(110, 1, 0),
(111, 1, 0),
(112, 1, 0),
(113, 1, 0),
(114, 1, 0),
(115, 1, 0),
(116, 1, 0),
(117, 1, 0),
(118, 1, 0),
(119, 1, 0),
(120, 1, 0),
(121, 1, 0),
(122, 1, 0),
(123, 1, 0),
(124, 1, 0),
(125, 1, 0),
(126, 1, 0),
(127, 1, 0),
(128, 1, 0),
(129, 1, 0),
(130, 1, 0),
(131, 1, 0),
(132, 1, 0),
(133, 1, 0),
(134, 1, 0),
(135, 1, 0),
(136, 1, 0),
(137, 1, 0),
(138, 1, 0),
(139, 1, 0),
(140, 1, 0),
(141, 1, 0);

-- --------------------------------------------------------

--
-- Table structure for table `words_Toni`
--

CREATE TABLE `words_Toni` (
  `words_id` int(11) NOT NULL,
  `words_number` tinyint(4) NOT NULL,
  `last_asked` bigint(20) NOT NULL
) ENGINE=InnoDB DEFAULT CHARSET=utf8;

--
-- Dumping data for table `words_Toni`
--

INSERT INTO `words_Toni` (`words_id`, `words_number`, `last_asked`) VALUES
(3, 1, 0),
(4, 1, 0),
(5, 1, 0),
(6, 1, 0),
(7, 1, 0),
(8, 1, 0),
(9, 1, 0),
(10, 1, 0),
(11, 1, 0),
(12, 1, 0),
(13, 1, 0),
(14, 1, 0),
(15, 1, 0),
(16, 1, 0),
(17, 1, 0),
(18, 1, 0),
(19, 1, 0),
(20, 1, 0),
(21, 1, 0),
(22, 1, 0),
(23, 1, 0),
(24, 1, 0),
(25, 1, 0),
(26, 1, 0),
(27, 1, 0),
(28, 1, 0),
(29, 1, 0),
(30, 1, 0),
(31, 1, 0),
(32, 1, 0),
(33, 1, 0),
(34, 1, 0),
(35, 1, 0),
(36, 1, 0),
(37, 1, 0),
(38, 1, 0),
(39, 1, 0),
(40, 1, 0),
(41, 1, 0),
(42, 1, 0),
(43, 1, 0),
(44, 1, 0),
(45, 1, 0),
(46, 1, 0),
(47, 1, 0),
(48, 1, 0),
(49, 1, 0),
(50, 1, 0),
(51, 1, 0),
(52, 1, 0),
(53, 1, 0),
(54, 1, 0),
(55, 1, 0),
(56, 1, 0),
(57, 1, 0),
(58, 1, 0),
(59, 1, 0),
(60, 1, 0),
(61, 1, 0),
(62, 1, 0),
(63, 1, 0),
(64, 1, 0),
(65, 1, 0),
(66, 1, 0),
(67, 1, 0),
(68, 1, 0),
(69, 1, 0),
(70, 1, 0),
(71, 1, 0),
(72, 1, 0),
(73, 1, 0),
(74, 1, 0),
(75, 1, 0),
(76, 1, 0),
(77, 1, 0),
(78, 1, 0),
(79, 1, 0),
(80, 1, 0),
(81, 1, 0),
(82, 1, 0),
(83, 1, 0),
(84, 1, 0),
(85, 1, 0),
(86, 1, 0),
(87, 1, 0),
(88, 1, 0),
(89, 1, 0),
(90, 1, 0),
(91, 1, 0),
(92, 1, 0),
(93, 1, 0),
(94, 1, 0),
(95, 1, 0),
(96, 1, 0),
(97, 1, 0),
(98, 1, 0),
(99, 1, 0),
(100, 1, 0),
(101, 1, 0),
(102, 1, 0),
(103, 1, 0),
(104, 1, 0),
(105, 1, 0),
(106, 1, 0),
(107, 1, 0),
(108, 1, 0),
(109, 1, 0),
(110, 1, 0),
(111, 1, 0),
(112, 1, 0),
(113, 1, 0),
(114, 1, 0),
(115, 1, 0),
(116, 1, 0),
(117, 1, 0),
(118, 1, 0),
(119, 1, 0),
(120, 1, 0),
(121, 1, 0),
(122, 1, 0),
(123, 1, 0),
(124, 1, 0),
(125, 1, 0),
(126, 1, 0),
(127, 1, 0),
(128, 1, 0),
(129, 1, 0),
(130, 1, 0),
(131, 1, 0),
(132, 1, 0),
(133, 1, 0),
(134, 1, 0),
(135, 1, 0),
(136, 1, 0),
(137, 1, 0),
(138, 1, 0),
(139, 1, 0),
(140, 1, 0),
(141, 1, 0);

-- --------------------------------------------------------

--
-- Table structure for table `words_user`
--

CREATE TABLE `words_user` (
  `words_id` int(11) NOT NULL,
  `words_number` tinyint(4) NOT NULL,
  `last_asked` bigint(20) NOT NULL
) ENGINE=InnoDB DEFAULT CHARSET=utf8;

--
-- Dumping data for table `words_user`
--

INSERT INTO `words_user` (`words_id`, `words_number`, `last_asked`) VALUES
(3, 1, 1645657200),
(4, 0, 1637535600),
(5, 3, 1645657200),
(6, 0, 1637535600),
(7, 0, 1645657200),
(8, 0, 1645657200),
(9, 2, 1645657200),
(10, 0, 1645657200),
(11, 0, 1637535600),
(12, 0, 1637535600),
(13, 0, 1645657200),
(14, 0, 1637535600),
(15, 0, 1637535600),
(16, 0, 1645657200),
(17, 0, 1637535600),
(18, 0, 1637535600),
(19, 0, 1637535600),
(20, 0, 1637535600),
(21, 0, 1637535600),
(22, 1, 1645657200),
(23, 0, 1637535600),
(24, 0, 1645657200),
(25, 4, 1645657200),
(26, 4, 1645657200),
(27, 0, 1637535600),
(28, 4, 1645657200),
(29, 3, 1645657200),
(30, 0, 1637535600),
(31, 0, 1637535600),
(32, 0, 1645657200),
(33, 0, 1637535600),
(34, 1, 0),
(35, 1, 0),
(36, 1, 0),
(37, 1, 0),
(38, 1, 0),
(39, 1, 0),
(40, 1, 0),
(41, 1, 0),
(42, 1, 0),
(43, 1, 0),
(44, 1, 0),
(45, 1, 0),
(46, 1, 0),
(47, 1, 0),
(48, 1, 0),
(49, 1, 0),
(50, 1, 0),
(51, 1, 0),
(52, 1, 0),
(53, 1, 0),
(54, 1, 0),
(55, 1, 0),
(56, 1, 0),
(57, 1, 0),
(58, 1, 0),
(59, 1, 0),
(60, 1, 0),
(61, 1, 0),
(62, 1, 0),
(63, 1, 0),
(64, 1, 0),
(65, 1, 0),
(66, 1, 0),
(67, 1, 0),
(68, 1, 0),
(69, 1, 0),
(70, 1, 0),
(71, 1, 0),
(72, 1, 0),
(73, 1, 0),
(74, 1, 0),
(75, 1, 0),
(76, 1, 0),
(77, 1, 0),
(78, 1, 0),
(79, 1, 0),
(80, 1, 0),
(81, 1, 0),
(82, 1, 0),
(83, 1, 0),
(84, 1, 0),
(85, 1, 0),
(86, 1, 0),
(87, 1, 0),
(88, 1, 0),
(89, 1, 0),
(90, 1, 0),
(91, 1, 0),
(92, 1, 0),
(93, 1, 0),
(94, 1, 0),
(95, 1, 0),
(96, 1, 0),
(97, 1, 0),
(98, 1, 0),
(99, 1, 0),
(100, 1, 0),
(101, 1, 0),
(102, 1, 0),
(103, 1, 0),
(104, 1, 0),
(105, 1, 0),
(106, 1, 0),
(107, 1, 0),
(108, 1, 0),
(109, 1, 0),
(110, 1, 0),
(111, 1, 0),
(112, 1, 0),
(113, 1, 0),
(114, 1, 0),
(115, 1, 0),
(116, 1, 0),
(117, 1, 0),
(118, 1, 0),
(119, 1, 0),
(120, 1, 0),
(121, 1, 0),
(122, 1, 0),
(123, 1, 0),
(124, 1, 0),
(125, 1, 0),
(126, 1, 0),
(127, 1, 0),
(128, 1, 0),
(129, 1, 0),
(130, 1, 0),
(131, 1, 0),
(132, 1, 0),
(133, 1, 0),
(134, 1, 0),
(135, 1, 0),
(136, 1, 0),
(137, 1, 0),
(138, 1, 0),
(139, 1, 0),
(140, 1, 0),
(141, 1, 0);

-- --------------------------------------------------------

--
-- Structure for view `greg5_words_level`
--
DROP TABLE IF EXISTS `greg5_words_level`;

CREATE ALGORITHM=UNDEFINED DEFINER=`o2555053`@`%` SQL SECURITY INVOKER VIEW `greg5_words_level`  AS SELECT `the_words`.`level` AS `level`, `the_user`.`words_id` AS `words_id`, `the_user`.`words_number` AS `words_number`, `the_user`.`last_asked` AS `last_asked` FROM (`words` `the_words` join `words_greg5` `the_user` on((`the_words`.`id` = `the_user`.`words_id`))) WHERE ((`the_words`.`level` = 'A') AND (`the_user`.`last_asked` > '0') AND (`the_user`.`words_number` < '3'))) ;

-- --------------------------------------------------------

--
-- Structure for view `gregorio3_words_level`
--
DROP TABLE IF EXISTS `gregorio3_words_level`;

CREATE ALGORITHM=UNDEFINED DEFINER=`o2555053`@`%` SQL SECURITY INVOKER VIEW `gregorio3_words_level`  AS SELECT `the_words`.`level` AS `level`, `the_user`.`words_id` AS `words_id`, `the_user`.`words_number` AS `words_number`, `the_user`.`last_asked` AS `last_asked` FROM (`words` `the_words` join `words_gregorio3` `the_user` on((`the_words`.`id` = `the_user`.`words_id`))) WHERE ((`the_words`.`level` = 'D') AND (`the_user`.`last_asked` > '0') AND (`the_user`.`words_number` < '3'))) ;

-- --------------------------------------------------------

--
-- Structure for view `selectable_words_greg5`
--
DROP TABLE IF EXISTS `selectable_words_greg5`;

CREATE ALGORITHM=UNDEFINED DEFINER=`o2555053`@`%` SQL SECURITY INVOKER VIEW `selectable_words_greg5`  AS SELECT `the_words`.`id` AS `id`, `the_words`.`word` AS `word`, `the_words`.`folder` AS `folder`, `the_words`.`level` AS `level`, `the_user`.`words_id` AS `words_id`, `the_user`.`words_number` AS `words_number`, `the_user`.`last_asked` AS `last_asked` FROM (`words` `the_words` join `words_greg5` `the_user` on((`the_words`.`id` = `the_user`.`words_id`))) WHERE ((`the_words`.`level` = 'A') AND (`the_user`.`words_number` = '1') AND (`the_user`.`last_asked` < 1529791200))) ;

-- --------------------------------------------------------

--
-- Structure for view `selectable_words_gregorio`
--
DROP TABLE IF EXISTS `selectable_words_gregorio`;

CREATE ALGORITHM=UNDEFINED DEFINER=`o2555053`@`%` SQL SECURITY DEFINER VIEW `selectable_words_gregorio`  AS SELECT `the_words`.`id` AS `id`, `the_words`.`word` AS `word`, `the_words`.`folder` AS `folder`, `the_words`.`level` AS `level`, `the_user`.`words_id` AS `words_id`, `the_user`.`words_number` AS `words_number`, `the_user`.`last_asked` AS `last_asked` FROM (`words` `the_words` join `words_gregorio` `the_user` on((`the_words`.`id` = `the_user`.`words_id`))) WHERE (((`the_words`.`level` = 'A') OR (`the_words`.`level` = 'B') OR (`the_words`.`level` = 'C') OR (`the_words`.`level` = 'D')) AND (`the_user`.`words_number` = '1') AND (`the_user`.`last_asked` < 1722204000))) ;

-- --------------------------------------------------------

--
-- Structure for view `selectable_words_gregorio3`
--
DROP TABLE IF EXISTS `selectable_words_gregorio3`;

CREATE ALGORITHM=UNDEFINED DEFINER=`o2555053`@`%` SQL SECURITY INVOKER VIEW `selectable_words_gregorio3`  AS SELECT `the_words`.`id` AS `id`, `the_words`.`word` AS `word`, `the_words`.`folder` AS `folder`, `the_words`.`level` AS `level`, `the_user`.`words_id` AS `words_id`, `the_user`.`words_number` AS `words_number`, `the_user`.`last_asked` AS `last_asked` FROM (`words` `the_words` join `words_gregorio3` `the_user` on((`the_words`.`id` = `the_user`.`words_id`))) WHERE (((`the_words`.`level` = 'A') OR (`the_words`.`level` = 'B') OR (`the_words`.`level` = 'C') OR (`the_words`.`level` = 'D')) AND (`the_user`.`words_number` = '1') AND (`the_user`.`last_asked` < 1550876400))) ;

-- --------------------------------------------------------

--
-- Structure for view `selectable_words_mario`
--
DROP TABLE IF EXISTS `selectable_words_mario`;

CREATE ALGORITHM=UNDEFINED DEFINER=`o2555053`@`%` SQL SECURITY INVOKER VIEW `selectable_words_mario`  AS SELECT `the_words`.`id` AS `id`, `the_words`.`word` AS `word`, `the_words`.`folder` AS `folder`, `the_words`.`level` AS `level`, `the_user`.`words_id` AS `words_id`, `the_user`.`words_number` AS `words_number`, `the_user`.`last_asked` AS `last_asked` FROM (`words` `the_words` join `words_mario` `the_user` on((`the_words`.`id` = `the_user`.`words_id`))) WHERE ((`the_words`.`level` = 'A') AND (`the_user`.`words_number` = '1') AND (`the_user`.`last_asked` < 1534716000))) ;

-- --------------------------------------------------------

--
-- Structure for view `selectable_words_tom`
--
DROP TABLE IF EXISTS `selectable_words_tom`;

CREATE ALGORITHM=UNDEFINED DEFINER=`o2555053`@`%` SQL SECURITY INVOKER VIEW `selectable_words_tom`  AS SELECT `the_words`.`id` AS `id`, `the_words`.`word` AS `word`, `the_words`.`folder` AS `folder`, `the_words`.`level` AS `level`, `the_user`.`words_id` AS `words_id`, `the_user`.`words_number` AS `words_number`, `the_user`.`last_asked` AS `last_asked` FROM (`words` `the_words` join `words_tom` `the_user` on((`the_words`.`id` = `the_user`.`words_id`))) WHERE ((`the_words`.`level` = 'A') AND (`the_user`.`words_number` = '1') AND (`the_user`.`last_asked` < 1542841200))) ;

-- --------------------------------------------------------

--
-- Structure for view `selectable_words_Toni`
--
DROP TABLE IF EXISTS `selectable_words_Toni`;

CREATE ALGORITHM=UNDEFINED DEFINER=`o2555053`@`%` SQL SECURITY INVOKER VIEW `selectable_words_Toni`  AS SELECT `the_words`.`id` AS `id`, `the_words`.`word` AS `word`, `the_words`.`folder` AS `folder`, `the_words`.`level` AS `level`, `the_user`.`words_id` AS `words_id`, `the_user`.`words_number` AS `words_number`, `the_user`.`last_asked` AS `last_asked` FROM (`words` `the_words` join `words_Toni` `the_user` on((`the_words`.`id` = `the_user`.`words_id`))) WHERE ((`the_words`.`level` = 'A') AND (`the_user`.`words_number` = '1') AND (`the_user`.`last_asked` < 1548802800))) ;

-- --------------------------------------------------------

--
-- Structure for view `selectable_words_user`
--
DROP TABLE IF EXISTS `selectable_words_user`;

CREATE ALGORITHM=UNDEFINED DEFINER=`o2555053`@`%` SQL SECURITY DEFINER VIEW `selectable_words_user`  AS SELECT `the_words`.`id` AS `id`, `the_words`.`word` AS `word`, `the_words`.`folder` AS `folder`, `the_words`.`level` AS `level`, `the_user`.`words_id` AS `words_id`, `the_user`.`words_number` AS `words_number`, `the_user`.`last_asked` AS `last_asked` FROM (`words` `the_words` join `words_user` `the_user` on((`the_words`.`id` = `the_user`.`words_id`))) WHERE ((`the_words`.`level` = 'A') AND (`the_user`.`words_number` = '0') AND (`the_user`.`last_asked` < 1645657200))) ;

--
-- Indexes for dumped tables
--

--
-- Indexes for table `pointslevel`
--
ALTER TABLE `pointslevel`
  ADD UNIQUE KEY `user_id` (`user_id`);

--
-- Indexes for table `users`
--
ALTER TABLE `users`
  ADD PRIMARY KEY (`id`),
  ADD UNIQUE KEY `username` (`username`),
  ADD UNIQUE KEY `email` (`email`);

--
-- Indexes for table `words`
--
ALTER TABLE `words`
  ADD PRIMARY KEY (`id`),
  ADD UNIQUE KEY `word` (`word`);

--
-- Indexes for table `words_Anthony`
--
ALTER TABLE `words_Anthony`
  ADD PRIMARY KEY (`words_id`);

--
-- Indexes for table `words_greg5`
--
ALTER TABLE `words_greg5`
  ADD PRIMARY KEY (`words_id`);

--
-- Indexes for table `words_gregorio`
--
ALTER TABLE `words_gregorio`
  ADD PRIMARY KEY (`words_id`);

--
-- Indexes for table `words_gregorio3`
--
ALTER TABLE `words_gregorio3`
  ADD PRIMARY KEY (`words_id`);

--
-- Indexes for table `words_mario`
--
ALTER TABLE `words_mario`
  ADD PRIMARY KEY (`words_id`);

--
-- Indexes for table `words_océane`
--
ALTER TABLE `words_océane`
  ADD PRIMARY KEY (`words_id`);

--
-- Indexes for table `words_Océanne`
--
ALTER TABLE `words_Océanne`
  ADD PRIMARY KEY (`words_id`);

--
-- Indexes for table `words_timothée`
--
ALTER TABLE `words_timothée`
  ADD PRIMARY KEY (`words_id`);

--
-- Indexes for table `words_tom`
--
ALTER TABLE `words_tom`
  ADD PRIMARY KEY (`words_id`);

--
-- Indexes for table `words_Toni`
--
ALTER TABLE `words_Toni`
  ADD PRIMARY KEY (`words_id`);

--
-- Indexes for table `words_user`
--
ALTER TABLE `words_user`
  ADD PRIMARY KEY (`words_id`);

--
-- AUTO_INCREMENT for dumped tables
--

--
-- AUTO_INCREMENT for table `users`
--
ALTER TABLE `users`
  MODIFY `id` int(11) NOT NULL AUTO_INCREMENT, AUTO_INCREMENT=28;

--
-- AUTO_INCREMENT for table `words`
--
ALTER TABLE `words`
  MODIFY `id` int(11) NOT NULL AUTO_INCREMENT, AUTO_INCREMENT=142;

--
-- Constraints for dumped tables
--

--
-- Constraints for table `pointslevel`
--
ALTER TABLE `pointslevel`
  ADD CONSTRAINT `FK_points_users` FOREIGN KEY (`user_id`) REFERENCES `users` (`id`);

--
-- Constraints for table `words_Anthony`
--
ALTER TABLE `words_Anthony`
  ADD CONSTRAINT `FK_words_Anthony_words` FOREIGN KEY (`words_id`) REFERENCES `words` (`id`);

--
-- Constraints for table `words_greg5`
--
ALTER TABLE `words_greg5`
  ADD CONSTRAINT `FK_words_greg5_words` FOREIGN KEY (`words_id`) REFERENCES `words` (`id`);

--
-- Constraints for table `words_gregorio`
--
ALTER TABLE `words_gregorio`
  ADD CONSTRAINT `FK_words_gregorio3_words` FOREIGN KEY (`words_id`) REFERENCES `words` (`id`);

--
-- Constraints for table `words_gregorio3`
--
ALTER TABLE `words_gregorio3`
  ADD CONSTRAINT `FK_words_greg_words` FOREIGN KEY (`words_id`) REFERENCES `words` (`id`);

--
-- Constraints for table `words_mario`
--
ALTER TABLE `words_mario`
  ADD CONSTRAINT `FK_words_mario_words` FOREIGN KEY (`words_id`) REFERENCES `words` (`id`);

--
-- Constraints for table `words_océane`
--
ALTER TABLE `words_océane`
  ADD CONSTRAINT `FK_words_Océane_words` FOREIGN KEY (`words_id`) REFERENCES `words` (`id`);

--
-- Constraints for table `words_Océanne`
--
ALTER TABLE `words_Océanne`
  ADD CONSTRAINT `FK_words_Océanne_words` FOREIGN KEY (`words_id`) REFERENCES `words` (`id`);

--
-- Constraints for table `words_timothée`
--
ALTER TABLE `words_timothée`
  ADD CONSTRAINT `FK_words_Timothée_words` FOREIGN KEY (`words_id`) REFERENCES `words` (`id`);

--
-- Constraints for table `words_tom`
--
ALTER TABLE `words_tom`
  ADD CONSTRAINT `FK_words_tom_words` FOREIGN KEY (`words_id`) REFERENCES `words` (`id`);

--
-- Constraints for table `words_Toni`
--
ALTER TABLE `words_Toni`
  ADD CONSTRAINT `FK_words_Toni_words` FOREIGN KEY (`words_id`) REFERENCES `words` (`id`);

--
-- Constraints for table `words_user`
--
ALTER TABLE `words_user`
  ADD CONSTRAINT `FK_words_user_words` FOREIGN KEY (`words_id`) REFERENCES `words` (`id`);
COMMIT;

/*!40101 SET CHARACTER_SET_CLIENT=@OLD_CHARACTER_SET_CLIENT */;
/*!40101 SET CHARACTER_SET_RESULTS=@OLD_CHARACTER_SET_RESULTS */;
/*!40101 SET COLLATION_CONNECTION=@OLD_COLLATION_CONNECTION */;
