-- phpMyAdmin SQL Dump
-- version 5.2.1
-- https://www.phpmyadmin.net/
--
-- Host: localhost
-- Generation Time: Jan 18, 2026 at 04:17 PM
-- Server version: 9.0.0
-- PHP Version: 8.3.8

SET SQL_MODE = "NO_AUTO_VALUE_ON_ZERO";
START TRANSACTION;
SET time_zone = "+00:00";


/*!40101 SET @OLD_CHARACTER_SET_CLIENT=@@CHARACTER_SET_CLIENT */;
/*!40101 SET @OLD_CHARACTER_SET_RESULTS=@@CHARACTER_SET_RESULTS */;
/*!40101 SET @OLD_COLLATION_CONNECTION=@@COLLATION_CONNECTION */;
/*!40101 SET NAMES utf8mb4 */;

--
-- Database: `dictee`
--

-- --------------------------------------------------------

--
-- Table structure for table `pointslevel`
--

CREATE TABLE `pointslevel` (
  `user_id` int NOT NULL,
  `level` char(50) DEFAULT NULL,
  `points` int DEFAULT NULL,
  `audio` tinyint NOT NULL DEFAULT '25'
) ENGINE=InnoDB DEFAULT CHARSET=utf8mb3;

--
-- Dumping data for table `pointslevel`
--

INSERT INTO `pointslevel` (`user_id`, `level`, `points`, `audio`) VALUES
(6, 'C', 52000, 22),
(21, 'C', 1700, 44),
(22, 'A', 0, 44),
(23, 'D', 17400, 100);

-- --------------------------------------------------------

--
-- Table structure for table `users`
--

CREATE TABLE `users` (
  `username` char(50) NOT NULL,
  `email` char(50) NOT NULL,
  `salt` char(50) NOT NULL,
  `id` int NOT NULL,
  `password` char(70) NOT NULL,
  `audio` tinyint NOT NULL DEFAULT '25'
) ENGINE=InnoDB DEFAULT CHARSET=utf8mb3;

--
-- Dumping data for table `users`
--

INSERT INTO `users` (`username`, `email`, `salt`, `id`, `password`, `audio`) VALUES
('gregorio', 'greg@yahoo.de', '40dc2db66ae54880', 6, '43163f141b5d3d0a9c9d4989772aca9d02fe2a293f01b5174a980978932edea9', 25),
('del', 'gregorio@yahoo.de', '16bdb01256987003', 21, 'a2ec048749696fa0e50bda9a0b6e4e1353b0c77bfcb5fca142ad15dc5766ec65', 25),
('del2', 'del@yahoo.es', '6f662a1716ff7f06', 22, 'f7a653f876b5c875c288894917b0f8916c190ac0214c13abfbba688bba89c4f0', 25),
('timothee', 'timo@s.com', '40e079db7882b211', 23, '93ad1e735745e5f76fdf6bf1eb20a6a5ed44ee3b86c51c47386002e96be0a9f5', 25);

-- --------------------------------------------------------

--
-- Table structure for table `words`
--

CREATE TABLE `words` (
  `id` int NOT NULL,
  `word` char(50) NOT NULL,
  `folder` char(50) NOT NULL,
  `level` char(50) NOT NULL
) ENGINE=InnoDB DEFAULT CHARSET=utf8mb3;

--
-- Dumping data for table `words`
--

INSERT INTO `words` (`id`, `word`, `folder`, `level`) VALUES
(3, 'animal', 'mots/A', 'A'),
(4, 'bille', 'mots/A', 'A'),
(5, 'bol', 'mots/A', 'A'),
(6, 'camarade', 'mots/A', 'A'),
(7, 'caramel', 'mots/A', 'A'),
(8, 'carton', 'mots/A', 'A'),
(9, 'chaleur', 'mots/A', 'A'),
(10, 'chose', 'mots/A', 'A'),
(11, 'farine', 'mots/A', 'A'),
(12, 'feu', 'mots/A', 'A'),
(13, 'fille', 'mots/A', 'A'),
(14, 'fleur', 'mots/A', 'A'),
(15, 'fromage', 'mots/A', 'A'),
(16, 'marche', 'mots/A', 'A'),
(17, 'neveu', 'mots/A', 'A'),
(18, 'noir', 'mots/A', 'A'),
(19, 'parent', 'mots/A', 'A'),
(20, 'partir', 'mots/A', 'A'),
(21, 'potiron', 'mots/A', 'A'),
(22, 'poulet', 'mots/A', 'A'),
(23, 'premier', 'mots/A', 'A'),
(24, 'sardine', 'mots/A', 'A'),
(25, 'seul', 'mots/A', 'A'),
(26, 'sucre', 'mots/A', 'A'),
(27, 'tartine', 'mots/A', 'A'),
(28, 'tasse', 'mots/A', 'A'),
(29, 'tigre', 'mots/A', 'A'),
(30, 'trou', 'mots/A', 'A'),
(31, 'vendredi', 'mots/A', 'A'),
(32, 'ventre', 'mots/A', 'A'),
(33, 'vitrine', 'mots/A', 'A'),
(34, 'acier', 'mots/B', 'B'),
(35, 'besoin', 'mots/B', 'B'),
(36, 'blouse', 'mots/B', 'B'),
(37, 'bois', 'mots/B', 'B'),
(38, 'campeur', 'mots/B', 'B'),
(39, 'chaise', 'mots/B', 'B'),
(40, 'chance', 'mots/B', 'B'),
(41, 'chanson', 'mots/B', 'B'),
(42, 'chienne', 'mots/B', 'B'),
(43, 'cousin', 'mots/B', 'B'),
(44, 'deux', 'mots/B', 'B'),
(45, 'dindon', 'mots/B', 'B'),
(46, 'espoir', 'mots/B', 'B'),
(47, 'fleuve', 'mots/B', 'B'),
(48, 'froid', 'mots/B', 'B'),
(49, 'gant', 'mots/B', 'B'),
(50, 'jambon', 'mots/B', 'B'),
(51, 'lange', 'mots/B', 'B'),
(52, 'ligne', 'mots/B', 'B'),
(53, 'long', 'mots/B', 'B'),
(54, 'montagne', 'mots/B', 'B'),
(55, 'orange', 'mots/B', 'B'),
(56, 'pantalon', 'mots/B', 'B'),
(57, 'poison', 'mots/B', 'B'),
(58, 'poisson', 'mots/B', 'B'),
(59, 'quille', 'mots/B', 'B'),
(60, 'raisin', 'mots/B', 'B'),
(61, 'renard', 'mots/B', 'B'),
(62, 'six', 'mots/B', 'B'),
(63, 'soigner', 'mots/B', 'B'),
(64, 'valise', 'mots/B', 'B'),
(65, 'volaille', 'mots/B', 'B'),
(66, 'voyage', 'mots/B', 'B'),
(67, 'adresse', 'mots/C', 'C'),
(68, 'allonger', 'mots/C', 'C'),
(69, 'aviation', 'mots/C', 'C'),
(70, 'bijou', 'mots/C', 'C'),
(71, 'bouillon', 'mots/C', 'C'),
(72, 'caillou', 'mots/C', 'C'),
(73, 'carotte', 'mots/C', 'C'),
(74, 'champion', 'mots/C', 'C'),
(75, 'choix', 'mots/C', 'C'),
(76, 'commode', 'mots/C', 'C'),
(77, 'courrier', 'mots/C', 'C'),
(78, 'cravate', 'mots/C', 'C'),
(79, 'crayon', 'mots/C', 'C'),
(80, 'culotte', 'mots/C', 'C'),
(81, 'femme', 'mots/C', 'C'),
(82, 'feuille', 'mots/C', 'C'),
(83, 'fils', 'mots/C', 'C'),
(84, 'flamme', 'mots/C', 'C'),
(85, 'heureux', 'mots/C', 'C'),
(86, 'homme', 'mots/C', 'C'),
(87, 'horloger', 'mots/C', 'C'),
(88, 'jaloux', 'mots/C', 'C'),
(89, 'jamais', 'mots/C', 'C'),
(90, 'loup', 'mots/C', 'C'),
(91, 'monsieur', 'mots/C', 'C'),
(92, 'mouiller', 'mots/C', 'C'),
(93, 'oreiller', 'mots/C', 'C'),
(94, 'pavillon', 'mots/C', 'C'),
(95, 'pigeon', 'mots/C', 'C'),
(96, 'pompon', 'mots/C', 'C'),
(97, 'souhait', 'mots/C', 'C'),
(98, 'soupir', 'mots/C', 'C'),
(99, 'sourire', 'mots/C', 'C'),
(100, 'taquiner', 'mots/C', 'C'),
(101, 'terrain', 'mots/C', 'C'),
(102, 'toujours', 'mots/C', 'C'),
(103, 'tronc', 'mots/C', 'C'),
(104, 'accident', 'mots/D', 'D'),
(105, 'addition', 'mots/D', 'D'),
(106, 'agrafe', 'mots/D', 'D'),
(107, 'arracher', 'mots/D', 'D'),
(108, 'atterrir', 'mots/D', 'D'),
(109, 'autocar', 'mots/D', 'D'),
(110, 'buffet', 'mots/D', 'D'),
(111, 'ceinture', 'mots/D', 'D'),
(112, 'chahuter', 'mots/D', 'D'),
(113, 'clown', 'mots/D', 'D'),
(114, 'commis', 'mots/D', 'D'),
(115, 'comptoir', 'mots/D', 'D'),
(116, 'courir', 'mots/D', 'D'),
(117, 'cyclisme', 'mots/D', 'D'),
(118, 'dizaine', 'mots/D', 'D'),
(119, 'doigt', 'mots/D', 'D'),
(120, 'drap', 'mots/D', 'D'),
(121, 'dynamo', 'mots/D', 'D'),
(122, 'examen', 'mots/D', 'D'),
(123, 'exciter', 'mots/D', 'D'),
(124, 'exclu', 'mots/D', 'D'),
(125, 'hache', 'mots/D', 'D'),
(126, 'hachis', 'mots/D', 'D'),
(127, 'hareng', 'mots/D', 'D'),
(128, 'houille', 'mots/D', 'D'),
(129, 'inclus', 'mots/D', 'D'),
(130, 'larynx', 'mots/D', 'D'),
(131, 'mourir', 'mots/D', 'D'),
(132, 'passion', 'mots/D', 'D'),
(133, 'photo', 'mots/D', 'D'),
(134, 'phrase', 'mots/D', 'D'),
(135, 'physique', 'mots/D', 'D'),
(136, 'plomb', 'mots/D', 'D'),
(137, 'skieur', 'mots/D', 'D'),
(138, 'souffrir', 'mots/D', 'D'),
(139, 'soufre', 'mots/D', 'D'),
(140, 'thorax', 'mots/D', 'D'),
(141, 'tricycle', 'mots/D', 'D');

-- --------------------------------------------------------

--
-- Table structure for table `words_users`
--

CREATE TABLE `words_users` (
  `words_id` int NOT NULL,
  `words_number` tinyint NOT NULL,
  `last_asked` bigint NOT NULL,
  `user_id` int DEFAULT NULL
) ENGINE=InnoDB DEFAULT CHARSET=utf8mb3;

--
-- Dumping data for table `words_users`
--

INSERT INTO `words_users` (`words_id`, `words_number`, `last_asked`, `user_id`) VALUES
(3, 0, 1529359200, 6),
(4, 0, 1529359200, 6),
(5, 0, 1529359200, 6),
(6, 2, 1768608000, 6),
(7, 2, 1768608000, 6),
(8, 2, 1768608000, 6),
(9, 0, 1529359200, 6),
(10, 0, 1529359200, 6),
(11, 0, 1529359200, 6),
(12, 0, 1529359200, 6),
(13, 0, 1529359200, 6),
(14, 0, 1529359200, 6),
(15, 0, 1529359200, 6),
(16, 0, 1529359200, 6),
(17, 0, 1529359200, 6),
(18, 0, 1529359200, 6),
(19, 0, 1529359200, 6),
(20, 0, 1768608000, 6),
(21, 0, 1529359200, 6),
(22, 0, 1529359200, 6),
(23, 0, 1529359200, 6),
(24, 0, 1529359200, 6),
(25, 0, 1768608000, 6),
(26, 0, 1529359200, 6),
(27, 0, 1529359200, 6),
(28, 0, 1529359200, 6),
(29, 1, 1722204000, 6),
(30, 0, 1529359200, 6),
(31, 1, 1722204000, 6),
(32, 1, 1722204000, 6),
(33, 1, 1722204000, 6),
(34, 0, 1529359200, 6),
(35, 0, 1768608000, 6),
(36, 0, 1529359200, 6),
(37, 0, 1722204000, 6),
(38, 3, 1768608000, 6),
(39, 0, 1529359200, 6),
(40, 0, 1529359200, 6),
(41, 0, 1529359200, 6),
(42, 0, 1529359200, 6),
(43, 0, 1529359200, 6),
(44, 0, 1529359200, 6),
(45, 0, 1529359200, 6),
(46, 0, 1529359200, 6),
(47, 0, 1529359200, 6),
(48, 0, 1529359200, 6),
(49, 2, 1768608000, 6),
(50, 0, 1768608000, 6),
(51, 0, 1529359200, 6),
(52, 0, 1529359200, 6),
(53, 1, 1722204000, 6),
(54, 0, 1722204000, 6),
(55, 0, 1529359200, 6),
(56, 0, 1529359200, 6),
(57, 0, 1722204000, 6),
(58, 0, 1529359200, 6),
(59, 0, 1529359200, 6),
(60, 0, 1529359200, 6),
(61, 0, 1529359200, 6),
(62, 0, 1529359200, 6),
(63, 0, 1768608000, 6),
(64, 0, 1529359200, 6),
(65, 0, 1529359200, 6),
(66, 0, 1768608000, 6),
(67, 0, 1529359200, 6),
(68, 2, 1722204000, 6),
(69, 0, 1529359200, 6),
(70, 2, 1722204000, 6),
(71, 0, 1529359200, 6),
(72, 0, 1529359200, 6),
(73, 2, 1722204000, 6),
(74, 1, 1722204000, 6),
(75, 0, 1529359200, 6),
(76, 3, 1722204000, 6),
(77, 0, 1529359200, 6),
(78, 0, 1529359200, 6),
(79, 0, 1529359200, 6),
(80, 0, 1529359200, 6),
(81, 0, 1529359200, 6),
(82, 0, 1529359200, 6),
(83, 2, 1722204000, 6),
(84, 0, 1529359200, 6),
(85, 0, 1529359200, 6),
(86, 3, 1722204000, 6),
(87, 0, 1529359200, 6),
(88, 0, 1529359200, 6),
(89, 1, 1722204000, 6),
(90, 0, 1529359200, 6),
(91, 0, 1529359200, 6),
(92, 0, 1529359200, 6),
(93, 0, 1529359200, 6),
(94, 0, 1529359200, 6),
(95, 0, 1529359200, 6),
(96, 0, 1529359200, 6),
(97, 0, 1529359200, 6),
(98, 0, 1529359200, 6),
(99, 0, 1529359200, 6),
(100, 0, 1529359200, 6),
(101, 0, 1529359200, 6),
(102, 0, 1529359200, 6),
(103, 3, 1722204000, 6),
(104, 0, 1529359200, 6),
(105, 0, 1529359200, 6),
(106, 0, 1529359200, 6),
(107, 1, 1768608000, 6),
(108, 1, 1529359200, 6),
(109, 0, 1529359200, 6),
(110, 0, 1529359200, 6),
(111, 0, 1529359200, 6),
(112, 0, 1529359200, 6),
(113, 0, 1529359200, 6),
(114, 1, 1768608000, 6),
(115, 0, 1529359200, 6),
(116, 1, 1722204000, 6),
(117, 0, 1529359200, 6),
(118, 0, 1529359200, 6),
(119, 0, 1529359200, 6),
(120, 0, 1529359200, 6),
(121, 0, 1529359200, 6),
(122, 0, 1529359200, 6),
(123, 0, 1529359200, 6),
(124, 0, 1722204000, 6),
(125, 0, 1529359200, 6),
(126, 3, 1722204000, 6),
(127, 0, 1529359200, 6),
(128, 0, 1529359200, 6),
(129, 2, 1722204000, 6),
(130, 0, 1529359200, 6),
(131, 0, 1529359200, 6),
(132, 0, 1529359200, 6),
(133, 0, 1529359200, 6),
(134, 0, 1529359200, 6),
(135, 0, 1529359200, 6),
(136, 0, 1529359200, 6),
(137, 0, 1529359200, 6),
(138, 0, 1529359200, 6),
(139, 0, 1529359200, 6),
(140, 0, 1529359200, 6),
(141, 4, 1768608000, 6),
(3, 1, 1722729600, 21),
(4, 1, 1722729600, 21),
(5, 1, 1722729600, 21),
(6, 1, 1722729600, 21),
(7, 1, 1722729600, 21),
(8, 1, 1722729600, 21),
(9, 1, 1722729600, 21),
(10, 0, 1722729600, 21),
(11, 2, 1722729600, 21),
(12, 1, 1722729600, 21),
(13, 0, 1722729600, 21),
(14, 1, 1722729600, 21),
(15, 1, 1722729600, 21),
(16, 1, 1722729600, 21),
(17, 1, 1722729600, 21),
(18, 1, 1722729600, 21),
(19, 1, 1722729600, 21),
(20, 1, 1722729600, 21),
(21, 1, 1722729600, 21),
(22, 1, 1722729600, 21),
(23, 1, 1722729600, 21),
(24, 1, 1722729600, 21),
(25, 1, 1722729600, 21),
(26, 1, 1722729600, 21),
(27, 1, 1722729600, 21),
(28, 1, 1722729600, 21),
(29, 1, 1722729600, 21),
(30, 1, 1722729600, 21),
(31, 1, 1722729600, 21),
(32, 1, 1722729600, 21),
(33, 1, 1722729600, 21),
(34, 1, 0, 21),
(35, 1, 1722729600, 21),
(36, 1, 1722729600, 21),
(37, 1, 1722729600, 21),
(38, 1, 0, 21),
(39, 1, 0, 21),
(40, 1, 1722729600, 21),
(41, 1, 0, 21),
(42, 1, 0, 21),
(43, 1, 0, 21),
(44, 1, 1722729600, 21),
(45, 1, 1722729600, 21),
(46, 1, 1722729600, 21),
(47, 1, 0, 21),
(48, 1, 0, 21),
(49, 1, 1722729600, 21),
(50, 1, 0, 21),
(51, 1, 1722729600, 21),
(52, 1, 1722729600, 21),
(53, 1, 0, 21),
(54, 1, 1722729600, 21),
(55, 1, 0, 21),
(56, 1, 0, 21),
(57, 1, 0, 21),
(58, 1, 0, 21),
(59, 1, 1722729600, 21),
(60, 1, 0, 21),
(61, 1, 0, 21),
(62, 1, 1722729600, 21),
(63, 1, 0, 21),
(64, 1, 0, 21),
(65, 1, 0, 21),
(66, 1, 1722729600, 21),
(67, 1, 0, 21),
(68, 1, 0, 21),
(69, 1, 0, 21),
(70, 1, 0, 21),
(71, 1, 0, 21),
(72, 1, 0, 21),
(73, 1, 0, 21),
(74, 1, 0, 21),
(75, 1, 0, 21),
(76, 1, 0, 21),
(77, 1, 0, 21),
(78, 1, 0, 21),
(79, 1, 0, 21),
(80, 1, 0, 21),
(81, 1, 0, 21),
(82, 1, 0, 21),
(83, 1, 0, 21),
(84, 1, 0, 21),
(85, 1, 0, 21),
(86, 1, 0, 21),
(87, 1, 0, 21),
(88, 1, 0, 21),
(89, 1, 0, 21),
(90, 1, 0, 21),
(91, 1, 0, 21),
(92, 1, 0, 21),
(93, 1, 0, 21),
(94, 1, 0, 21),
(95, 1, 0, 21),
(96, 1, 0, 21),
(97, 1, 0, 21),
(98, 1, 0, 21),
(99, 1, 0, 21),
(100, 1, 0, 21),
(101, 1, 0, 21),
(102, 1, 0, 21),
(103, 1, 0, 21),
(104, 1, 0, 21),
(105, 1, 0, 21),
(106, 1, 0, 21),
(107, 1, 0, 21),
(108, 1, 0, 21),
(109, 1, 0, 21),
(110, 1, 0, 21),
(111, 1, 0, 21),
(112, 1, 0, 21),
(113, 1, 0, 21),
(114, 1, 0, 21),
(115, 1, 0, 21),
(116, 1, 0, 21),
(117, 1, 0, 21),
(118, 1, 0, 21),
(119, 1, 0, 21),
(120, 1, 0, 21),
(121, 1, 0, 21),
(122, 1, 0, 21),
(123, 1, 0, 21),
(124, 1, 0, 21),
(125, 1, 0, 21),
(126, 1, 0, 21),
(127, 1, 0, 21),
(128, 1, 0, 21),
(129, 1, 0, 21),
(130, 1, 0, 21),
(131, 1, 0, 21),
(132, 1, 0, 21),
(133, 1, 0, 21),
(134, 1, 0, 21),
(135, 1, 0, 21),
(136, 1, 0, 21),
(137, 1, 0, 21),
(138, 1, 0, 21),
(139, 1, 0, 21),
(140, 1, 0, 21),
(141, 1, 0, 21),
(3, 1, 0, 22),
(4, 1, 0, 22),
(5, 1, 0, 22),
(6, 1, 0, 22),
(7, 1, 0, 22),
(8, 1, 0, 22),
(9, 1, 0, 22),
(10, 1, 0, 22),
(11, 1, 0, 22),
(12, 1, 0, 22),
(13, 1, 0, 22),
(14, 1, 0, 22),
(15, 1, 0, 22),
(16, 1, 0, 22),
(17, 1, 0, 22),
(18, 1, 0, 22),
(19, 1, 0, 22),
(20, 1, 0, 22),
(21, 1, 0, 22),
(22, 1, 0, 22),
(23, 1, 0, 22),
(24, 1, 0, 22),
(25, 1, 0, 22),
(26, 1, 0, 22),
(27, 1, 0, 22),
(28, 1, 0, 22),
(29, 1, 0, 22),
(30, 1, 0, 22),
(31, 1, 0, 22),
(32, 1, 0, 22),
(33, 1, 0, 22),
(34, 1, 0, 22),
(35, 1, 0, 22),
(36, 1, 0, 22),
(37, 1, 0, 22),
(38, 1, 0, 22),
(39, 1, 0, 22),
(40, 1, 0, 22),
(41, 1, 0, 22),
(42, 1, 0, 22),
(43, 1, 0, 22),
(44, 1, 0, 22),
(45, 1, 0, 22),
(46, 1, 0, 22),
(47, 1, 0, 22),
(48, 1, 0, 22),
(49, 1, 0, 22),
(50, 1, 0, 22),
(51, 1, 0, 22),
(52, 1, 0, 22),
(53, 1, 0, 22),
(54, 1, 0, 22),
(55, 1, 0, 22),
(56, 1, 0, 22),
(57, 1, 0, 22),
(58, 1, 0, 22),
(59, 1, 0, 22),
(60, 1, 0, 22),
(61, 1, 0, 22),
(62, 1, 0, 22),
(63, 1, 0, 22),
(64, 1, 0, 22),
(65, 1, 0, 22),
(66, 1, 0, 22),
(67, 1, 0, 22),
(68, 1, 0, 22),
(69, 1, 0, 22),
(70, 1, 0, 22),
(71, 1, 0, 22),
(72, 1, 0, 22),
(73, 1, 0, 22),
(74, 1, 0, 22),
(75, 1, 0, 22),
(76, 1, 0, 22),
(77, 1, 0, 22),
(78, 1, 0, 22),
(79, 1, 0, 22),
(80, 1, 0, 22),
(81, 1, 0, 22),
(82, 1, 0, 22),
(83, 1, 0, 22),
(84, 1, 0, 22),
(85, 1, 0, 22),
(86, 1, 0, 22),
(87, 1, 0, 22),
(88, 1, 0, 22),
(89, 1, 0, 22),
(90, 1, 0, 22),
(91, 1, 0, 22),
(92, 1, 0, 22),
(93, 1, 0, 22),
(94, 1, 0, 22),
(95, 1, 0, 22),
(96, 1, 0, 22),
(97, 1, 0, 22),
(98, 1, 0, 22),
(99, 1, 0, 22),
(100, 1, 0, 22),
(101, 1, 0, 22),
(102, 1, 0, 22),
(103, 1, 0, 22),
(104, 1, 0, 22),
(105, 1, 0, 22),
(106, 1, 0, 22),
(107, 1, 0, 22),
(108, 1, 0, 22),
(109, 1, 0, 22),
(110, 1, 0, 22),
(111, 1, 0, 22),
(112, 1, 0, 22),
(113, 1, 0, 22),
(114, 1, 0, 22),
(115, 1, 0, 22),
(116, 1, 0, 22),
(117, 1, 0, 22),
(118, 1, 0, 22),
(119, 1, 0, 22),
(120, 1, 0, 22),
(121, 1, 0, 22),
(122, 1, 0, 22),
(123, 1, 0, 22),
(124, 1, 0, 22),
(125, 1, 0, 22),
(126, 1, 0, 22),
(127, 1, 0, 22),
(128, 1, 0, 22),
(129, 1, 0, 22),
(130, 1, 0, 22),
(131, 1, 0, 22),
(132, 1, 0, 22),
(133, 1, 0, 22),
(134, 1, 0, 22),
(135, 1, 0, 22),
(136, 1, 0, 22),
(137, 1, 0, 22),
(138, 1, 0, 22),
(139, 1, 0, 22),
(140, 1, 0, 22),
(141, 1, 0, 22),
(3, 0, 1722902400, 23),
(4, 0, 1722902400, 23),
(5, 0, 1722902400, 23),
(6, 0, 1722902400, 23),
(7, 0, 1722902400, 23),
(8, 0, 1722902400, 23),
(9, 0, 1722902400, 23),
(10, 0, 1722902400, 23),
(11, 0, 1722902400, 23),
(12, 0, 1722902400, 23),
(13, 0, 1722902400, 23),
(14, 0, 1722902400, 23),
(15, 0, 1722902400, 23),
(16, 0, 1722902400, 23),
(17, 0, 1722902400, 23),
(18, 0, 1722902400, 23),
(19, 0, 1722902400, 23),
(20, 0, 1722902400, 23),
(21, 0, 1722902400, 23),
(22, 0, 1722902400, 23),
(23, 0, 1722902400, 23),
(24, 0, 1722902400, 23),
(25, 0, 1722902400, 23),
(26, 0, 1722902400, 23),
(27, 0, 1722902400, 23),
(28, 0, 1722902400, 23),
(29, 0, 1722902400, 23),
(30, 0, 1722902400, 23),
(31, 0, 1722902400, 23),
(32, 0, 1722902400, 23),
(33, 0, 1722902400, 23),
(34, 0, 1722902400, 23),
(35, 0, 1722902400, 23),
(36, 0, 1722902400, 23),
(37, 0, 1722902400, 23),
(38, 0, 1722902400, 23),
(39, 0, 1722902400, 23),
(40, 0, 1722902400, 23),
(41, 0, 1722902400, 23),
(42, 0, 1722902400, 23),
(43, 0, 1722902400, 23),
(44, 0, 1722902400, 23),
(45, 0, 1722902400, 23),
(46, 0, 1722902400, 23),
(47, 0, 1722902400, 23),
(48, 0, 1722902400, 23),
(49, 0, 1722902400, 23),
(50, 0, 1722902400, 23),
(51, 0, 1722902400, 23),
(52, 0, 1722902400, 23),
(53, 0, 1722902400, 23),
(54, 0, 1722902400, 23),
(55, 0, 1722902400, 23),
(56, 0, 1722902400, 23),
(57, 0, 1722902400, 23),
(58, 0, 1722902400, 23),
(59, 0, 1722902400, 23),
(60, 0, 1722902400, 23),
(61, 0, 1722902400, 23),
(62, 0, 1722902400, 23),
(63, 0, 1722902400, 23),
(64, 0, 1722902400, 23),
(65, 0, 1722902400, 23),
(66, 0, 1722902400, 23),
(67, 0, 1722902400, 23),
(68, 0, 1722902400, 23),
(69, 0, 1722902400, 23),
(70, 0, 1722902400, 23),
(71, 0, 1722902400, 23),
(72, 0, 1722902400, 23),
(73, 0, 1722902400, 23),
(74, 2, 1722902400, 23),
(75, 0, 1722902400, 23),
(76, 0, 1722902400, 23),
(77, 0, 1722902400, 23),
(78, 2, 1722902400, 23),
(79, 0, 1722902400, 23),
(80, 0, 1722902400, 23),
(81, 0, 1722902400, 23),
(82, 0, 1722902400, 23),
(83, 0, 1722902400, 23),
(84, 0, 1722902400, 23),
(85, 0, 1722902400, 23),
(86, 0, 1722902400, 23),
(87, 0, 1722902400, 23),
(88, 0, 1722902400, 23),
(89, 0, 1722902400, 23),
(90, 0, 1722902400, 23),
(91, 0, 1722902400, 23),
(92, 0, 1722902400, 23),
(93, 0, 1722902400, 23),
(94, 0, 1722902400, 23),
(95, 0, 1722902400, 23),
(96, 0, 1722902400, 23),
(97, 0, 1722902400, 23),
(98, 0, 1722902400, 23),
(99, 2, 1722902400, 23),
(100, 0, 1722902400, 23),
(101, 0, 1722902400, 23),
(102, 0, 1722902400, 23),
(103, 0, 1722902400, 23),
(104, 0, 1722902400, 23),
(105, 0, 1722902400, 23),
(106, 0, 1722902400, 23),
(107, 0, 1722902400, 23),
(108, 0, 1722902400, 23),
(109, 0, 1722902400, 23),
(110, 0, 1722902400, 23),
(111, 0, 1722902400, 23),
(112, 0, 1722902400, 23),
(113, 0, 1722902400, 23),
(114, 0, 1722902400, 23),
(115, 0, 1722902400, 23),
(116, 0, 1722902400, 23),
(117, 0, 1722902400, 23),
(118, 0, 1722902400, 23),
(119, 0, 1722902400, 23),
(120, 0, 1722902400, 23),
(121, 0, 1722902400, 23),
(122, 0, 1722902400, 23),
(123, 0, 1722902400, 23),
(124, 2, 1722902400, 23),
(125, 0, 1722902400, 23),
(126, 0, 1722902400, 23),
(127, 0, 1722902400, 23),
(128, 0, 1722902400, 23),
(129, 0, 1722902400, 23),
(130, 0, 1722902400, 23),
(131, 0, 1722902400, 23),
(132, 0, 1722902400, 23),
(133, 0, 1722902400, 23),
(134, 0, 1722902400, 23),
(135, 0, 1722902400, 23),
(136, 2, 1722902400, 23),
(137, 0, 1722902400, 23),
(138, 0, 1722902400, 23),
(139, 0, 1722902400, 23),
(140, 2, 1722902400, 23),
(141, 0, 1722902400, 23);

--
-- Indexes for dumped tables
--

--
-- Indexes for table `pointslevel`
--
ALTER TABLE `pointslevel`
  ADD PRIMARY KEY (`user_id`);

--
-- Indexes for table `users`
--
ALTER TABLE `users`
  ADD PRIMARY KEY (`id`);

--
-- Indexes for table `words`
--
ALTER TABLE `words`
  ADD PRIMARY KEY (`id`);

--
-- Indexes for table `words_users`
--
ALTER TABLE `words_users`
  ADD KEY `FK_words_users_words` (`words_id`),
  ADD KEY `FK_words_users_users` (`user_id`);

--
-- AUTO_INCREMENT for dumped tables
--

--
-- AUTO_INCREMENT for table `users`
--
ALTER TABLE `users`
  MODIFY `id` int NOT NULL AUTO_INCREMENT, AUTO_INCREMENT=24;

--
-- Constraints for dumped tables
--

--
-- Constraints for table `pointslevel`
--
ALTER TABLE `pointslevel`
  ADD CONSTRAINT `FK_pointslevel_users` FOREIGN KEY (`user_id`) REFERENCES `users` (`id`);

--
-- Constraints for table `words_users`
--
ALTER TABLE `words_users`
  ADD CONSTRAINT `FK_words_users_users` FOREIGN KEY (`user_id`) REFERENCES `users` (`id`),
  ADD CONSTRAINT `FK_words_users_words` FOREIGN KEY (`words_id`) REFERENCES `words` (`id`);
COMMIT;

/*!40101 SET CHARACTER_SET_CLIENT=@OLD_CHARACTER_SET_CLIENT */;
/*!40101 SET CHARACTER_SET_RESULTS=@OLD_CHARACTER_SET_RESULTS */;
/*!40101 SET COLLATION_CONNECTION=@OLD_COLLATION_CONNECTION */;
